Código Cliente;Nível de risco;Possui servidor CFTV;Pessoa Física, Jurídica, ou Órgão Público;Estado;Cidade;Bairro;Data/hora;Código do evento;Confirmado
10049;5;0;0;SP;SAO CARLOS;JARDIM IPANEMA;2019-01-01 00:02:12.497;E131;1
10049;5;0;0;SP;SAO CARLOS;JARDIM IPANEMA;2019-01-01 00:02:17.440;E131;1
10049;5;0;0;SP;SAO CARLOS;JARDIM IPANEMA;2019-01-01 00:02:27.303;E131;1
11794;4;0;0;SP;SAO CARLOS;PARQUE SANTA MONICA;2019-01-01 00:12:09.100;E130;0
9658;5;1;0;SP;SAO CARLOS;CENTRO;2019-01-01 00:36:35.657;E131;1
11445;4;1;0;SP;SAO CARLOS;JARDIM GILBERTONI;2019-01-01 00:36:45.087;E130;0
11401;5;0;1;SP;IBATE;RURAL;2019-01-01 00:41:30.303;E130;0
11401;5;0;1;SP;IBATE;RURAL;2019-01-01 00:42:37.980;E130;0
11401;5;0;1;SP;IBATE;RURAL;2019-01-01 00:42:51.460;E130;0
11401;5;0;1;SP;IBATE;RURAL;2019-01-01 00:43:33.987;E130;0
11765;4;0;1;SP;SAO CARLOS;JARDIM SÃO CARLOS;2019-01-01 01:06:34.470;E131;0
11724;3;0;0;SP;SAO CARLOS;VILA PRADO;2019-01-01 01:21:18.907;E130;0
11791;4;0;1;SP;SAO CARLOS;CENTRO;2019-01-01 01:53:37.327;E130;0
11791;4;0;1;SP;SAO CARLOS;CENTRO;2019-01-01 01:53:44.397;E130;0
11742;4;1;0;SP;SAO CARLOS;RESID MONS ROMEU TORTORELLI;2019-01-01 02:00:31.237;1902;0
6578;4;0;1;SP;SAO CARLOS;PLANALTO PARAÍSO;2019-01-01 02:19:44.620;E130;1
11742;4;1;0;SP;SAO CARLOS;RESID MONS ROMEU TORTORELLI;2019-01-01 02:56:48.377;1902;0
11619;5;1;1;SP;SAO CARLOS;RECREIO DOS BANDEIRANTES;2019-01-01 02:56:48.377;1902;0
4589;4;0;0;SP;SAO CARLOS;CIDADE JARDIM;2019-01-01 03:30:17.480;E131;1
4589;4;0;0;SP;SAO CARLOS;CIDADE JARDIM;2019-01-01 03:30:25.757;E131;1
11310;5;1;0;SP;SAO CARLOS;PARQUE SANTA FELICIA JARDIM;2019-01-01 03:42:26.613;1902;0
11214;3;0;1;SP;SAO CARLOS;JARDIM BEATRIZ;2019-01-01 03:43:05.150;E134;0
11319;5;0;0;SP;SAO CARLOS;CHÁCARA DAS FLORES;2019-01-01 03:59:29.850;E130;0
11319;5;0;0;SP;SAO CARLOS;CHÁCARA DAS FLORES;2019-01-01 03:59:37.750;E130;0
6578;4;0;1;SP;SAO CARLOS;PLANALTO PARAÍSO;2019-01-01 04:17:05.393;E130;1
6578;4;0;1;SP;SAO CARLOS;PLANALTO PARAÍSO;2019-01-01 04:41:46.910;E130;1
11401;5;0;1;SP;IBATE;RURAL;2019-01-01 04:54:18.987;E130;0
11644;4;0;1;SP;SAO CARLOS;JARDIM CENTENÁRIO;2019-01-01 06:08:17.030;E131;0
11715;3;0;0;SP;SAO CARLOS;CENTRO;2019-01-01 07:01:39.807;E131;0
11445;4;1;0;SP;SAO CARLOS;JARDIM GILBERTONI;2019-01-01 07:14:03.880;E130;0
11445;4;1;0;SP;SAO CARLOS;JARDIM GILBERTONI;2019-01-01 07:20:00.840;E130;0
11715;3;0;0;SP;SAO CARLOS;CENTRO;2019-01-01 07:31:54.123;E131;0
11715;3;0;0;SP;SAO CARLOS;CENTRO;2019-01-01 07:35:25.507;E131;0
11406;3;0;0;SP;SAO CARLOS;JARDIM PARAISO;2019-01-01 07:39:14.703;E130;0
11684;3;0;1;SP;SAO CARLOS;JARDIM ARAUCARIA;2019-01-01 08:08:51.673;E301;0
11494;4;0;0;SP;SAO CARLOS;CENTRO;2019-01-01 08:12:26.423;E130;0
11494;4;0;0;SP;SAO CARLOS;CENTRO;2019-01-01 08:13:57.890;E130;0
11724;3;0;0;SP;SAO CARLOS;VILA PRADO;2019-01-01 08:17:36.077;E130;0
11859;4;0;0;SP;SAO CARLOS;JARDIM BANDEIRANTES;2019-01-01 08:24:52.563;E131;0
8984;4;1;2;SP;SAO CARLOS;RESID MONS ROMEU TORTORELLI;2019-01-01 09:22:56.120;E130;1
8984;4;1;2;SP;SAO CARLOS;RESID MONS ROMEU TORTORELLI;2019-01-01 09:23:03.527;E130;1
11319;5;0;0;SP;SAO CARLOS;CHÁCARA DAS FLORES;2019-01-01 09:32:34.083;E130;0
11454;4;1;0;SP;SAO CARLOS;CEAT;2019-01-01 09:33:47.977;E130;0
11454;4;1;0;SP;SAO CARLOS;CEAT;2019-01-01 09:33:56.330;E130;0
11319;5;0;0;SP;SAO CARLOS;CHÁCARA DAS FLORES;2019-01-01 09:34:50.757;E130;0
11632;5;0;0;SP;SAO CARLOS;JARDIM LUTFALLA;2019-01-01 09:46:36.963;E131;0
11632;5;0;0;SP;SAO CARLOS;JARDIM LUTFALLA;2019-01-01 10:17:43.883;E131;0
11632;5;0;0;SP;SAO CARLOS;JARDIM LUTFALLA;2019-01-01 10:18:31.563;E131;0
5017;3;1;1;SP;SAO CARLOS;JARDIM MACARENGO;2019-01-01 10:38:59.047;E301;1
5017;3;1;1;SP;SAO CARLOS;JARDIM MACARENGO;2019-01-01 10:49:17.667;E301;1
11417;5;0;1;SP;IBATE;RURAL;2019-01-01 11:02:00.150;E130;0
11417;5;0;1;SP;IBATE;RURAL;2019-01-01 11:02:13.127;E130;0
11417;5;0;1;SP;IBATE;RURAL;2019-01-01 11:02:38.640;E130;0
11460;3;0;1;SP;SAO CARLOS;JARDIM PAULISTA;2019-01-01 11:56:10.647;E131;0
11608;4;0;1;SP;SAO CARLOS;VILA COSTA DO SOL;2019-01-01 12:01:34.410;E131;0
11460;3;0;1;SP;SAO CARLOS;JARDIM PAULISTA;2019-01-01 12:15:40.977;E131;0
11460;3;0;1;SP;SAO CARLOS;JARDIM PAULISTA;2019-01-01 12:16:49.057;E131;0
11389;4;1;0;SP;SAO CARLOS;VILA PRADO;2019-01-01 12:22:39.230;E131;0
11460;3;0;1;SP;SAO CARLOS;JARDIM PAULISTA;2019-01-01 12:26:06.320;E131;0
11608;4;0;1;SP;SAO CARLOS;VILA COSTA DO SOL;2019-01-01 12:28:13.177;E134;0
11608;4;0;1;SP;SAO CARLOS;VILA COSTA DO SOL;2019-01-01 12:30:22.090;E134;0
11293;5;0;0;SP;SAO CARLOS;CENTRO;2019-01-01 12:35:22.770;E131;0
11608;4;0;1;SP;SAO CARLOS;VILA COSTA DO SOL;2019-01-01 12:40:12.120;E131;0
11608;4;0;1;SP;SAO CARLOS;VILA COSTA DO SOL;2019-01-01 12:40:24.300;E134;0
11608;4;0;1;SP;SAO CARLOS;VILA COSTA DO SOL;2019-01-01 12:40:51.670;E134;0
11608;4;0;1;SP;SAO CARLOS;VILA COSTA DO SOL;2019-01-01 12:40:59.780;E134;0
11460;3;0;1;SP;SAO CARLOS;JARDIM PAULISTA;2019-01-01 12:52:22.990;E131;0
11460;3;0;1;SP;SAO CARLOS;JARDIM PAULISTA;2019-01-01 13:06:25.000;E131;0
11317;4;0;1;SP;SAO CARLOS;JARDIM ACAPULCO;2019-01-01 13:07:08.650;E131;0
11365;4;0;0;SP;SAO CARLOS;JARDIM SANTA PAULA;2019-01-01 13:10:37.780;E131;0
11460;3;0;1;SP;SAO CARLOS;JARDIM PAULISTA;2019-01-01 13:13:02.970;E131;0
8984;4;1;2;SP;SAO CARLOS;RESID MONS ROMEU TORTORELLI;2019-01-01 13:30:41.240;E130;1
11460;3;0;1;SP;SAO CARLOS;JARDIM PAULISTA;2019-01-01 13:31:50.047;E131;0
11708;3;0;1;SP;SAO CARLOS;JARDIM RICETTI;2019-01-01 13:45:59.933;E131;0
8984;4;1;2;SP;SAO CARLOS;RESID MONS ROMEU TORTORELLI;2019-01-01 13:55:48.190;E130;1
11742;4;1;0;SP;SAO CARLOS;RESID MONS ROMEU TORTORELLI;2019-01-01 13:56:36.317;E130;0
11742;4;1;0;SP;SAO CARLOS;RESID MONS ROMEU TORTORELLI;2019-01-01 13:56:51.997;E130;0
11742;4;1;0;SP;SAO CARLOS;RESID MONS ROMEU TORTORELLI;2019-01-01 13:56:59.340;E130;0
8984;4;1;2;SP;SAO CARLOS;RESID MONS ROMEU TORTORELLI;2019-01-01 13:57:28.880;E130;1
8984;4;1;2;SP;SAO CARLOS;RESID MONS ROMEU TORTORELLI;2019-01-01 13:58:33.600;E130;1
11742;4;1;0;SP;SAO CARLOS;RESID MONS ROMEU TORTORELLI;2019-01-01 13:59:32.887;E130;0
11742;4;1;0;SP;SAO CARLOS;RESID MONS ROMEU TORTORELLI;2019-01-01 13:59:47.853;E130;0
8984;4;1;2;SP;SAO CARLOS;RESID MONS ROMEU TORTORELLI;2019-01-01 14:00:34.000;E130;1
8984;4;1;2;SP;SAO CARLOS;RESID MONS ROMEU TORTORELLI;2019-01-01 14:02:13.193;E130;1
11306;3;0;1;SP;SAO CARLOS;JARDIM CARDINALLI;2019-01-01 14:33:03.420;E132;0
11480;4;0;1;SP;SAO CARLOS;JARDIM PACAEMBU;2019-01-01 15:59:03.220;E130;0
11763;3;0;0;SP;SAO CARLOS;PARQUE SANTA MONICA;2019-01-01 16:06:28.353;E134;0
10049;5;0;0;SP;SAO CARLOS;JARDIM IPANEMA;2019-01-01 16:07:02.520;E131;1
11310;5;1;0;SP;SAO CARLOS;PARQUE SANTA FELICIA JARDIM;2019-01-01 16:14:06.830;E131;0
11310;5;1;0;SP;SAO CARLOS;PARQUE SANTA FELICIA JARDIM;2019-01-01 16:14:11.450;E131;0
11310;5;1;0;SP;SAO CARLOS;PARQUE SANTA FELICIA JARDIM;2019-01-01 16:14:16.880;E131;0
11310;5;1;0;SP;SAO CARLOS;PARQUE SANTA FELICIA JARDIM;2019-01-01 16:14:22.627;E131;0
11310;5;1;0;SP;SAO CARLOS;PARQUE SANTA FELICIA JARDIM;2019-01-01 16:14:28.107;E131;0
11310;5;1;0;SP;SAO CARLOS;PARQUE SANTA FELICIA JARDIM;2019-01-01 16:14:36.377;E131;0
11310;5;1;0;SP;SAO CARLOS;PARQUE SANTA FELICIA JARDIM;2019-01-01 16:14:41.870;E131;0
11310;5;1;0;SP;SAO CARLOS;PARQUE SANTA FELICIA JARDIM;2019-01-01 16:14:47.443;E131;0
11310;5;1;0;SP;SAO CARLOS;PARQUE SANTA FELICIA JARDIM;2019-01-01 16:14:55.000;E131;0
11310;5;1;0;SP;SAO CARLOS;PARQUE SANTA FELICIA JARDIM;2019-01-01 16:15:00.543;E131;0
11742;4;1;0;SP;SAO CARLOS;RESID MONS ROMEU TORTORELLI;2019-01-01 16:15:06.330;E130;0
11742;4;1;0;SP;SAO CARLOS;RESID MONS ROMEU TORTORELLI;2019-01-01 16:15:12.367;E130;0
11742;4;1;0;SP;SAO CARLOS;RESID MONS ROMEU TORTORELLI;2019-01-01 16:15:17.143;E130;0
11310;5;1;0;SP;SAO CARLOS;PARQUE SANTA FELICIA JARDIM;2019-01-01 16:16:01.350;E134;0
11310;5;1;0;SP;SAO CARLOS;PARQUE SANTA FELICIA JARDIM;2019-01-01 16:16:12.440;E134;0
11742;4;1;0;SP;SAO CARLOS;RESID MONS ROMEU TORTORELLI;2019-01-01 16:17:02.000;1902;0
11742;4;1;0;SP;SAO CARLOS;RESID MONS ROMEU TORTORELLI;2019-01-01 16:17:02.000;1902;0
11742;4;1;0;SP;SAO CARLOS;RESID MONS ROMEU TORTORELLI;2019-01-01 16:21:54.923;E130;0
11742;4;1;0;SP;SAO CARLOS;RESID MONS ROMEU TORTORELLI;2019-01-01 16:22:00.507;E130;0
8184;5;0;0;SP;SAO CARLOS;SANTA PAULA;2019-01-01 16:30:15.770;E134;1
11795;4;0;0;SP;SAO CARLOS;NUCLEO RESID SILVIO VILARI;2019-01-01 16:31:20.717;E131;0
8184;5;0;0;SP;SAO CARLOS;SANTA PAULA;2019-01-01 16:32:34.850;E134;1
8184;5;0;0;SP;SAO CARLOS;SANTA PAULA;2019-01-01 16:35:13.270;E134;1
8184;5;0;0;SP;SAO CARLOS;SANTA PAULA;2019-01-01 16:35:49.827;E134;1
11588;3;0;1;SP;SAO CARLOS;ROMEU TORTORELLI;2019-01-01 16:36:20.290;E301;0
8984;4;1;2;SP;SAO CARLOS;RESID MONS ROMEU TORTORELLI;2019-01-01 16:42:52.660;E130;1
11611;4;0;0;SP;SAO CARLOS;PARQUE SANTA MONICA;2019-01-01 16:47:31.400;E122;0
11611;4;0;0;SP;SAO CARLOS;PARQUE SANTA MONICA;2019-01-01 16:47:37.480;E122;0
8984;4;1;2;SP;SAO CARLOS;RESID MONS ROMEU TORTORELLI;2019-01-01 16:53:44.010;E130;1
11781;4;0;0;SP;SAO CARLOS;VILA LUTFALLA;2019-01-01 16:59:18.943;E130;0
11781;4;0;0;SP;SAO CARLOS;VILA LUTFALLA;2019-01-01 16:59:22.973;E130;0
11483;3;0;1;SP;SAO CARLOS;JARDIM MACARENGO;2019-01-01 17:31:16.607;E130;0
11483;3;0;1;SP;SAO CARLOS;JARDIM MACARENGO;2019-01-01 17:31:21.680;E130;0
11483;3;0;1;SP;SAO CARLOS;JARDIM MACARENGO;2019-01-01 17:31:27.753;E130;0
11483;3;0;1;SP;SAO CARLOS;JARDIM MACARENGO;2019-01-01 17:32:00.203;E130;0
11483;3;0;1;SP;SAO CARLOS;JARDIM MACARENGO;2019-01-01 17:32:11.383;E130;0
11483;3;0;1;SP;SAO CARLOS;JARDIM MACARENGO;2019-01-01 17:32:17.480;E130;0
11483;3;0;1;SP;SAO CARLOS;JARDIM MACARENGO;2019-01-01 17:32:50.980;E130;0
11776;4;0;1;SP;SAO CARLOS;JARDIM PAULISTA;2019-01-01 17:41:34.770;E130;0
11776;4;0;1;SP;SAO CARLOS;JARDIM PAULISTA;2019-01-01 17:41:46.937;E130;0
11776;4;0;1;SP;SAO CARLOS;JARDIM PAULISTA;2019-01-01 17:43:16.213;E130;0
11776;4;0;1;SP;SAO CARLOS;JARDIM PAULISTA;2019-01-01 17:44:56.703;E130;0
11776;4;0;1;SP;SAO CARLOS;JARDIM PAULISTA;2019-01-01 17:46:37.220;E130;0
11776;4;0;1;SP;SAO CARLOS;JARDIM PAULISTA;2019-01-01 17:47:19.843;E130;0
11776;4;0;1;SP;SAO CARLOS;JARDIM PAULISTA;2019-01-01 17:47:27.950;E130;0
11776;4;0;1;SP;SAO CARLOS;JARDIM PAULISTA;2019-01-01 17:47:36.077;E130;0
11776;4;0;1;SP;SAO CARLOS;JARDIM PAULISTA;2019-01-01 17:48:02.473;E130;0
11633;4;0;0;SP;IBATE;ZONA RURAL;2019-01-01 17:53:16.553;E134;0
11690;3;0;0;SP;SAO CARLOS;PARQUE SANTA MONICA;2019-01-01 18:02:58.030;E131;0
11690;3;0;0;SP;SAO CARLOS;PARQUE SANTA MONICA;2019-01-01 18:03:01.067;E131;0
11690;3;0;0;SP;SAO CARLOS;PARQUE SANTA MONICA;2019-01-01 18:03:05.127;E131;0
11690;3;0;0;SP;SAO CARLOS;PARQUE SANTA MONICA;2019-01-01 18:03:09.183;E131;0
11690;3;0;0;SP;SAO CARLOS;PARQUE SANTA MONICA;2019-01-01 18:03:21.353;E131;0
11876;4;0;1;SP;SAO CARLOS;JARDIM MACARENGO;2019-01-01 18:03:39.617;E810;0
11690;3;0;0;SP;SAO CARLOS;PARQUE SANTA MONICA;2019-01-01 18:14:30.143;E131;0
11690;3;0;0;SP;SAO CARLOS;PARQUE SANTA MONICA;2019-01-01 18:14:38.257;E131;0
11690;3;0;0;SP;SAO CARLOS;PARQUE SANTA MONICA;2019-01-01 18:14:42.310;E131;0
11690;3;0;0;SP;SAO CARLOS;PARQUE SANTA MONICA;2019-01-01 18:14:45.393;E131;0
11776;4;0;1;SP;SAO CARLOS;JARDIM PAULISTA;2019-01-01 18:16:47.210;E130;0
11385;4;0;1;SP;SAO CARLOS;PARQUE SANTA MONICA;2019-01-01 18:17:47.097;E130;0
10146;5;0;0;SP;SAO CARLOS;JARDIM CRUZEIRO DO SUL;2019-01-01 18:29:05.377;E134;1
7132;4;0;1;SP;SAO CARLOS;PLANALTO PARAÍSO;2019-01-01 18:32:25.230;E130;1
11182;2;0;0;SP;SAO CARLOS;JARDIM SANTA MARIA II;2019-01-01 18:48:00.623;E131;0
11797;3;0;0;SP;SAO CARLOS;CENTRO;2019-01-01 18:50:26.783;E131;0
11385;4;0;1;SP;SAO CARLOS;PARQUE SANTA MONICA;2019-01-01 19:00:16.667;E130;0
11838;4;0;0;SP;SAO CARLOS;VILA ALPES;2019-01-01 19:02:00.153;E123;0
6317;5;0;0;SP;SAO CARLOS;JARDIM SÃO JOÃO BATISTA;2019-01-01 19:02:20.440;E131;1
6317;5;0;0;SP;SAO CARLOS;JARDIM SÃO JOÃO BATISTA;2019-01-01 19:03:46.670;E131;1
6317;5;0;0;SP;SAO CARLOS;JARDIM SÃO JOÃO BATISTA;2019-01-01 19:04:12.060;E131;1
11632;5;0;0;SP;SAO CARLOS;JARDIM LUTFALLA;2019-01-01 19:05:44.420;E131;0
6317;5;0;0;SP;SAO CARLOS;JARDIM SÃO JOÃO BATISTA;2019-01-01 19:07:06.723;E131;1
11317;4;0;1;SP;SAO CARLOS;JARDIM ACAPULCO;2019-01-01 19:08:00.500;E131;0
11385;4;0;1;SP;SAO CARLOS;PARQUE SANTA MONICA;2019-01-01 19:10:17.480;E130;0
11385;4;0;1;SP;SAO CARLOS;PARQUE SANTA MONICA;2019-01-01 19:10:29.650;E130;0
11385;4;0;1;SP;SAO CARLOS;PARQUE SANTA MONICA;2019-01-01 19:10:49.943;E130;0
11385;4;0;1;SP;SAO CARLOS;PARQUE SANTA MONICA;2019-01-01 19:10:57.060;E130;0
11385;4;0;1;SP;SAO CARLOS;PARQUE SANTA MONICA;2019-01-01 19:11:05.177;E130;0
11385;4;0;1;SP;SAO CARLOS;PARQUE SANTA MONICA;2019-01-01 19:11:25.467;E130;0
11385;4;0;1;SP;SAO CARLOS;PARQUE SANTA MONICA;2019-01-01 19:11:41.690;E130;0
11385;4;0;1;SP;SAO CARLOS;PARQUE SANTA MONICA;2019-01-01 19:11:53.853;E130;0
11385;4;0;1;SP;SAO CARLOS;PARQUE SANTA MONICA;2019-01-01 19:12:00.960;E130;0
6317;5;0;0;SP;SAO CARLOS;JARDIM SÃO JOÃO BATISTA;2019-01-01 19:18:19.550;E131;1
6317;5;0;0;SP;SAO CARLOS;JARDIM SÃO JOÃO BATISTA;2019-01-01 19:18:37.807;E131;1
6317;5;0;0;SP;SAO CARLOS;JARDIM SÃO JOÃO BATISTA;2019-01-01 19:19:23.530;E131;1
11687;4;0;0;SP;SAO CARLOS;JARDIM MACARENGO;2019-01-01 19:24:33.850;E130;0
11687;4;0;0;SP;SAO CARLOS;JARDIM MACARENGO;2019-01-01 19:24:40.910;E130;0
11687;4;0;0;SP;SAO CARLOS;JARDIM MACARENGO;2019-01-01 19:24:47.853;E130;0
11687;4;0;0;SP;SAO CARLOS;JARDIM MACARENGO;2019-01-01 19:24:58.743;E130;0
11687;4;0;0;SP;SAO CARLOS;JARDIM MACARENGO;2019-01-01 19:25:06.180;E130;0
11687;4;0;0;SP;SAO CARLOS;JARDIM MACARENGO;2019-01-01 19:25:14.150;E130;0
11687;4;0;0;SP;SAO CARLOS;JARDIM MACARENGO;2019-01-01 19:25:20.583;E130;0
11687;4;0;0;SP;SAO CARLOS;JARDIM MACARENGO;2019-01-01 19:25:27.947;E130;0
11687;4;0;0;SP;SAO CARLOS;JARDIM MACARENGO;2019-01-01 19:25:35.383;E130;0
11687;4;0;0;SP;SAO CARLOS;JARDIM MACARENGO;2019-01-01 19:26:05.963;E130;0
11687;4;0;0;SP;SAO CARLOS;JARDIM MACARENGO;2019-01-01 19:26:35.907;E130;0
11687;4;0;0;SP;SAO CARLOS;JARDIM MACARENGO;2019-01-01 19:27:30.647;E130;0
11687;4;0;0;SP;SAO CARLOS;JARDIM MACARENGO;2019-01-01 19:27:51.477;E130;0
11687;4;0;0;SP;SAO CARLOS;JARDIM MACARENGO;2019-01-01 19:28:23.513;E130;0
11687;4;0;0;SP;SAO CARLOS;JARDIM MACARENGO;2019-01-01 19:28:34.883;E130;0
11687;4;0;0;SP;SAO CARLOS;JARDIM MACARENGO;2019-01-01 19:28:41.550;E130;0
11687;4;0;0;SP;SAO CARLOS;JARDIM MACARENGO;2019-01-01 19:28:49.067;E130;0
11687;4;0;0;SP;SAO CARLOS;JARDIM MACARENGO;2019-01-01 19:28:57.927;E130;0
11687;4;0;0;SP;SAO CARLOS;JARDIM MACARENGO;2019-01-01 19:29:05.320;E130;0
11687;4;0;0;SP;SAO CARLOS;JARDIM MACARENGO;2019-01-01 19:29:12.177;E130;0
11687;4;0;0;SP;SAO CARLOS;JARDIM MACARENGO;2019-01-01 19:29:24.510;E130;0
11687;4;0;0;SP;SAO CARLOS;JARDIM MACARENGO;2019-01-01 19:29:31.210;E130;0
11687;4;0;0;SP;SAO CARLOS;JARDIM MACARENGO;2019-01-01 19:29:39.290;E130;0
11687;4;0;0;SP;SAO CARLOS;JARDIM MACARENGO;2019-01-01 19:29:46.723;E130;0
11687;4;0;0;SP;SAO CARLOS;JARDIM MACARENGO;2019-01-01 19:29:54.203;E130;0
11687;4;0;0;SP;SAO CARLOS;JARDIM MACARENGO;2019-01-01 19:30:00.963;E130;0
11687;4;0;0;SP;SAO CARLOS;JARDIM MACARENGO;2019-01-01 19:30:08.537;E130;0
11687;4;0;0;SP;SAO CARLOS;JARDIM MACARENGO;2019-01-01 19:30:16.027;E130;0
11687;4;0;0;SP;SAO CARLOS;JARDIM MACARENGO;2019-01-01 19:30:22.697;E130;0
11687;4;0;0;SP;SAO CARLOS;JARDIM MACARENGO;2019-01-01 19:30:30.240;E130;0
11687;4;0;0;SP;SAO CARLOS;JARDIM MACARENGO;2019-01-01 19:30:37.663;E130;0
11687;4;0;0;SP;SAO CARLOS;JARDIM MACARENGO;2019-01-01 19:30:45.117;E130;0
11687;4;0;0;SP;SAO CARLOS;JARDIM MACARENGO;2019-01-01 19:30:51.877;E130;0
11687;4;0;0;SP;SAO CARLOS;JARDIM MACARENGO;2019-01-01 19:30:59.380;E130;0
11687;4;0;0;SP;SAO CARLOS;JARDIM MACARENGO;2019-01-01 19:31:08.263;E130;0
11687;4;0;0;SP;SAO CARLOS;JARDIM MACARENGO;2019-01-01 19:31:15.640;E130;0
11687;4;0;0;SP;SAO CARLOS;JARDIM MACARENGO;2019-01-01 19:31:22.420;E130;0
11687;4;0;0;SP;SAO CARLOS;JARDIM MACARENGO;2019-01-01 19:31:32.673;E130;0
11687;4;0;0;SP;SAO CARLOS;JARDIM MACARENGO;2019-01-01 19:31:40.133;E130;0
11687;4;0;0;SP;SAO CARLOS;JARDIM MACARENGO;2019-01-01 19:31:47.620;E130;0
11687;4;0;0;SP;SAO CARLOS;JARDIM MACARENGO;2019-01-01 19:31:54.990;E130;0
11687;4;0;0;SP;SAO CARLOS;JARDIM MACARENGO;2019-01-01 19:32:01.837;E130;0
11687;4;0;0;SP;SAO CARLOS;JARDIM MACARENGO;2019-01-01 19:32:09.340;E130;0
11687;4;0;0;SP;SAO CARLOS;JARDIM MACARENGO;2019-01-01 19:32:16.793;E130;0
11687;4;0;0;SP;SAO CARLOS;JARDIM MACARENGO;2019-01-01 19:32:23.577;E130;0
11687;4;0;0;SP;SAO CARLOS;JARDIM MACARENGO;2019-01-01 19:32:31.150;E130;0
11687;4;0;0;SP;SAO CARLOS;JARDIM MACARENGO;2019-01-01 19:32:38.557;E130;0
11687;4;0;0;SP;SAO CARLOS;JARDIM MACARENGO;2019-01-01 19:32:46.070;E130;0
11687;4;0;0;SP;SAO CARLOS;JARDIM MACARENGO;2019-01-01 19:32:52.787;E130;0
11687;4;0;0;SP;SAO CARLOS;JARDIM MACARENGO;2019-01-01 19:33:00.210;E130;0
11687;4;0;0;SP;SAO CARLOS;JARDIM MACARENGO;2019-01-01 19:33:07.753;E130;0
11687;4;0;0;SP;SAO CARLOS;JARDIM MACARENGO;2019-01-01 19:33:15.287;E130;0
11687;4;0;0;SP;SAO CARLOS;JARDIM MACARENGO;2019-01-01 19:33:21.973;E130;0
11687;4;0;0;SP;SAO CARLOS;JARDIM MACARENGO;2019-01-01 19:33:29.400;E130;0
11687;4;0;0;SP;SAO CARLOS;JARDIM MACARENGO;2019-01-01 19:33:36.933;E130;0
11687;4;0;0;SP;SAO CARLOS;JARDIM MACARENGO;2019-01-01 19:33:43.707;E130;0
11687;4;0;0;SP;SAO CARLOS;JARDIM MACARENGO;2019-01-01 19:33:51.097;E130;0
11687;4;0;0;SP;SAO CARLOS;JARDIM MACARENGO;2019-01-01 19:33:58.643;E130;0
11687;4;0;0;SP;SAO CARLOS;JARDIM MACARENGO;2019-01-01 19:34:06.120;E130;0
11687;4;0;0;SP;SAO CARLOS;JARDIM MACARENGO;2019-01-01 19:34:12.883;E130;0
11687;4;0;0;SP;SAO CARLOS;JARDIM MACARENGO;2019-01-01 19:34:20.340;E130;0
11687;4;0;0;SP;SAO CARLOS;JARDIM MACARENGO;2019-01-01 19:34:27.830;E130;0
11687;4;0;0;SP;SAO CARLOS;JARDIM MACARENGO;2019-01-01 19:34:37.503;E130;0
11687;4;0;0;SP;SAO CARLOS;JARDIM MACARENGO;2019-01-01 19:34:43.883;E130;0
11687;4;0;0;SP;SAO CARLOS;JARDIM MACARENGO;2019-01-01 19:34:51.670;E130;0
11687;4;0;0;SP;SAO CARLOS;JARDIM MACARENGO;2019-01-01 19:34:59.100;E130;0
11687;4;0;0;SP;SAO CARLOS;JARDIM MACARENGO;2019-01-01 19:35:06.587;E130;0
11687;4;0;0;SP;SAO CARLOS;JARDIM MACARENGO;2019-01-01 19:35:13.203;E130;0
11687;4;0;0;SP;SAO CARLOS;JARDIM MACARENGO;2019-01-01 19:35:20.810;E130;0
11687;4;0;0;SP;SAO CARLOS;JARDIM MACARENGO;2019-01-01 19:35:28.263;E130;0
11687;4;0;0;SP;SAO CARLOS;JARDIM MACARENGO;2019-01-01 19:35:35.723;E130;0
11687;4;0;0;SP;SAO CARLOS;JARDIM MACARENGO;2019-01-01 19:35:42.510;E130;0
11687;4;0;0;SP;SAO CARLOS;JARDIM MACARENGO;2019-01-01 19:35:49.900;E130;0
11687;4;0;0;SP;SAO CARLOS;JARDIM MACARENGO;2019-01-01 19:35:57.370;E130;0
11687;4;0;0;SP;SAO CARLOS;JARDIM MACARENGO;2019-01-01 19:36:05.660;E130;0
11687;4;0;0;SP;SAO CARLOS;JARDIM MACARENGO;2019-01-01 19:36:13.027;E130;0
11687;4;0;0;SP;SAO CARLOS;JARDIM MACARENGO;2019-01-01 19:36:20.440;E130;0
11687;4;0;0;SP;SAO CARLOS;JARDIM MACARENGO;2019-01-01 19:36:27.860;E130;0
11687;4;0;0;SP;SAO CARLOS;JARDIM MACARENGO;2019-01-01 19:36:34.783;E130;0
11687;4;0;0;SP;SAO CARLOS;JARDIM MACARENGO;2019-01-01 19:36:42.240;E130;0
11687;4;0;0;SP;SAO CARLOS;JARDIM MACARENGO;2019-01-01 19:36:49.673;E130;0
11687;4;0;0;SP;SAO CARLOS;JARDIM MACARENGO;2019-01-01 19:37:01.090;E130;0
11687;4;0;0;SP;SAO CARLOS;JARDIM MACARENGO;2019-01-01 19:37:08.623;E130;0
11687;4;0;0;SP;SAO CARLOS;JARDIM MACARENGO;2019-01-01 19:37:15.407;E130;0
11687;4;0;0;SP;SAO CARLOS;JARDIM MACARENGO;2019-01-01 19:37:22.883;E130;0
11687;4;0;0;SP;SAO CARLOS;JARDIM MACARENGO;2019-01-01 19:37:30.407;E130;0
11687;4;0;0;SP;SAO CARLOS;JARDIM MACARENGO;2019-01-01 19:37:37.803;E130;0
11687;4;0;0;SP;SAO CARLOS;JARDIM MACARENGO;2019-01-01 19:37:44.897;E130;0
11687;4;0;0;SP;SAO CARLOS;JARDIM MACARENGO;2019-01-01 19:37:52.233;E130;0
11687;4;0;0;SP;SAO CARLOS;JARDIM MACARENGO;2019-01-01 19:37:59.603;E130;0
11687;4;0;0;SP;SAO CARLOS;JARDIM MACARENGO;2019-01-01 19:38:07.180;E130;0
11687;4;0;0;SP;SAO CARLOS;JARDIM MACARENGO;2019-01-01 19:38:13.937;E130;0
11687;4;0;0;SP;SAO CARLOS;JARDIM MACARENGO;2019-01-01 19:38:21.427;E130;0
11687;4;0;0;SP;SAO CARLOS;JARDIM MACARENGO;2019-01-01 19:38:28.810;E130;0
11687;4;0;0;SP;SAO CARLOS;JARDIM MACARENGO;2019-01-01 19:38:35.590;E130;0
11687;4;0;0;SP;SAO CARLOS;JARDIM MACARENGO;2019-01-01 19:38:43.020;E130;0
11687;4;0;0;SP;SAO CARLOS;JARDIM MACARENGO;2019-01-01 19:38:50.510;E130;0
11687;4;0;0;SP;SAO CARLOS;JARDIM MACARENGO;2019-01-01 19:38:58.097;E130;0
11687;4;0;0;SP;SAO CARLOS;JARDIM MACARENGO;2019-01-01 19:39:04.887;E130;0
11687;4;0;0;SP;SAO CARLOS;JARDIM MACARENGO;2019-01-01 19:39:12.243;E130;0
11687;4;0;0;SP;SAO CARLOS;JARDIM MACARENGO;2019-01-01 19:39:19.797;E130;0
11687;4;0;0;SP;SAO CARLOS;JARDIM MACARENGO;2019-01-01 19:39:28.273;E130;0
11687;4;0;0;SP;SAO CARLOS;JARDIM MACARENGO;2019-01-01 19:39:35.343;E130;0
11687;4;0;0;SP;SAO CARLOS;JARDIM MACARENGO;2019-01-01 19:39:43.493;E130;0
11687;4;0;0;SP;SAO CARLOS;JARDIM MACARENGO;2019-01-01 19:39:52.280;E130;0
11687;4;0;0;SP;SAO CARLOS;JARDIM MACARENGO;2019-01-01 19:39:59.800;E130;0
11687;4;0;0;SP;SAO CARLOS;JARDIM MACARENGO;2019-01-01 19:40:07.297;E130;0
11687;4;0;0;SP;SAO CARLOS;JARDIM MACARENGO;2019-01-01 19:40:14.010;E130;0
11687;4;0;0;SP;SAO CARLOS;JARDIM MACARENGO;2019-01-01 19:40:22.867;E130;0
11687;4;0;0;SP;SAO CARLOS;JARDIM MACARENGO;2019-01-01 19:40:30.340;E130;0
11687;4;0;0;SP;SAO CARLOS;JARDIM MACARENGO;2019-01-01 19:40:39.140;E130;0
11687;4;0;0;SP;SAO CARLOS;JARDIM MACARENGO;2019-01-01 19:40:45.937;E130;0
11687;4;0;0;SP;SAO CARLOS;JARDIM MACARENGO;2019-01-01 19:40:53.467;E130;0
11687;4;0;0;SP;SAO CARLOS;JARDIM MACARENGO;2019-01-01 19:41:00.917;E130;0
11687;4;0;0;SP;SAO CARLOS;JARDIM MACARENGO;2019-01-01 19:41:08.410;E130;0
11687;4;0;0;SP;SAO CARLOS;JARDIM MACARENGO;2019-01-01 19:41:15.183;E130;0
11687;4;0;0;SP;SAO CARLOS;JARDIM MACARENGO;2019-01-01 19:41:22.657;E130;0
11687;4;0;0;SP;SAO CARLOS;JARDIM MACARENGO;2019-01-01 19:41:30.167;E130;0
11687;4;0;0;SP;SAO CARLOS;JARDIM MACARENGO;2019-01-01 19:41:36.860;E130;0
11687;4;0;0;SP;SAO CARLOS;JARDIM MACARENGO;2019-01-01 19:41:44.260;E130;0
11687;4;0;0;SP;SAO CARLOS;JARDIM MACARENGO;2019-01-01 19:41:51.790;E130;0
11687;4;0;0;SP;SAO CARLOS;JARDIM MACARENGO;2019-01-01 19:41:59.277;E130;0
11687;4;0;0;SP;SAO CARLOS;JARDIM MACARENGO;2019-01-01 19:42:05.953;E130;0
11687;4;0;0;SP;SAO CARLOS;JARDIM MACARENGO;2019-01-01 19:42:43.867;E130;0
11687;4;0;0;SP;SAO CARLOS;JARDIM MACARENGO;2019-01-01 19:42:51.397;E130;0
11687;4;0;0;SP;SAO CARLOS;JARDIM MACARENGO;2019-01-01 19:43:00.230;E130;0
11687;4;0;0;SP;SAO CARLOS;JARDIM MACARENGO;2019-01-01 19:43:08.580;E130;0
11687;4;0;0;SP;SAO CARLOS;JARDIM MACARENGO;2019-01-01 19:43:23.293;E130;0
11687;4;0;0;SP;SAO CARLOS;JARDIM MACARENGO;2019-01-01 19:43:30.807;E130;0
11687;4;0;0;SP;SAO CARLOS;JARDIM MACARENGO;2019-01-01 19:43:51.487;E130;0
11687;4;0;0;SP;SAO CARLOS;JARDIM MACARENGO;2019-01-01 19:43:57.900;E130;0
11687;4;0;0;SP;SAO CARLOS;JARDIM MACARENGO;2019-01-01 19:44:05.413;E130;0
11687;4;0;0;SP;SAO CARLOS;JARDIM MACARENGO;2019-01-01 19:44:12.823;E130;0
11687;4;0;0;SP;SAO CARLOS;JARDIM MACARENGO;2019-01-01 19:44:20.427;E130;0
11687;4;0;0;SP;SAO CARLOS;JARDIM MACARENGO;2019-01-01 19:44:31.930;E130;0
11687;4;0;0;SP;SAO CARLOS;JARDIM MACARENGO;2019-01-01 19:44:40.583;E130;0
11687;4;0;0;SP;SAO CARLOS;JARDIM MACARENGO;2019-01-01 19:44:48.197;E130;0
11687;4;0;0;SP;SAO CARLOS;JARDIM MACARENGO;2019-01-01 19:44:55.650;E130;0
11687;4;0;0;SP;SAO CARLOS;JARDIM MACARENGO;2019-01-01 19:45:03.093;E130;0
11687;4;0;0;SP;SAO CARLOS;JARDIM MACARENGO;2019-01-01 19:45:10.543;E130;0
11687;4;0;0;SP;SAO CARLOS;JARDIM MACARENGO;2019-01-01 19:45:17.287;E130;0
11687;4;0;0;SP;SAO CARLOS;JARDIM MACARENGO;2019-01-01 19:45:24.800;E130;0
11687;4;0;0;SP;SAO CARLOS;JARDIM MACARENGO;2019-01-01 19:45:32.287;E130;0
11687;4;0;0;SP;SAO CARLOS;JARDIM MACARENGO;2019-01-01 19:45:40.120;E130;0
11687;4;0;0;SP;SAO CARLOS;JARDIM MACARENGO;2019-01-01 19:45:48.530;E130;0
11687;4;0;0;SP;SAO CARLOS;JARDIM MACARENGO;2019-01-01 19:45:58.323;E130;0
11687;4;0;0;SP;SAO CARLOS;JARDIM MACARENGO;2019-01-01 19:46:10.300;E130;0
11687;4;0;0;SP;SAO CARLOS;JARDIM MACARENGO;2019-01-01 19:46:17.027;E130;0
11687;4;0;0;SP;SAO CARLOS;JARDIM MACARENGO;2019-01-01 19:46:24.800;E130;0
11687;4;0;0;SP;SAO CARLOS;JARDIM MACARENGO;2019-01-01 19:46:39.927;E130;0
11687;4;0;0;SP;SAO CARLOS;JARDIM MACARENGO;2019-01-01 19:46:46.427;E130;0
11687;4;0;0;SP;SAO CARLOS;JARDIM MACARENGO;2019-01-01 19:46:59.857;E130;0
11687;4;0;0;SP;SAO CARLOS;JARDIM MACARENGO;2019-01-01 19:47:08.157;E130;0
11687;4;0;0;SP;SAO CARLOS;JARDIM MACARENGO;2019-01-01 19:47:15.607;E130;0
11687;4;0;0;SP;SAO CARLOS;JARDIM MACARENGO;2019-01-01 19:47:23.243;E130;0
11687;4;0;0;SP;SAO CARLOS;JARDIM MACARENGO;2019-01-01 19:47:36.927;E130;0
11687;4;0;0;SP;SAO CARLOS;JARDIM MACARENGO;2019-01-01 19:47:44.793;E130;0
11687;4;0;0;SP;SAO CARLOS;JARDIM MACARENGO;2019-01-01 19:47:53.043;E130;0
11687;4;0;0;SP;SAO CARLOS;JARDIM MACARENGO;2019-01-01 19:48:01.160;E130;0
11687;4;0;0;SP;SAO CARLOS;JARDIM MACARENGO;2019-01-01 19:48:16.590;E130;0
11687;4;0;0;SP;SAO CARLOS;JARDIM MACARENGO;2019-01-01 19:48:35.820;E130;0
11687;4;0;0;SP;SAO CARLOS;JARDIM MACARENGO;2019-01-01 19:48:56.127;E130;0
11687;4;0;0;SP;SAO CARLOS;JARDIM MACARENGO;2019-01-01 19:49:12.480;E130;0
11687;4;0;0;SP;SAO CARLOS;JARDIM MACARENGO;2019-01-01 19:49:19.233;E130;0
11687;4;0;0;SP;SAO CARLOS;JARDIM MACARENGO;2019-01-01 19:49:26.613;E130;0
11687;4;0;0;SP;SAO CARLOS;JARDIM MACARENGO;2019-01-01 19:49:34.180;E130;0
11687;4;0;0;SP;SAO CARLOS;JARDIM MACARENGO;2019-01-01 19:50:02.167;E130;0
11687;4;0;0;SP;SAO CARLOS;JARDIM MACARENGO;2019-01-01 19:50:11.550;E130;0
11687;4;0;0;SP;SAO CARLOS;JARDIM MACARENGO;2019-01-01 19:50:18.297;E130;0
11687;4;0;0;SP;SAO CARLOS;JARDIM MACARENGO;2019-01-01 19:50:33.240;E130;0
11687;4;0;0;SP;SAO CARLOS;JARDIM MACARENGO;2019-01-01 19:50:40.223;E130;0
11687;4;0;0;SP;SAO CARLOS;JARDIM MACARENGO;2019-01-01 19:50:47.310;E130;0
11687;4;0;0;SP;SAO CARLOS;JARDIM MACARENGO;2019-01-01 19:50:55.100;E130;0
11687;4;0;0;SP;SAO CARLOS;JARDIM MACARENGO;2019-01-01 19:51:02.473;E130;0
11687;4;0;0;SP;SAO CARLOS;JARDIM MACARENGO;2019-01-01 19:51:09.420;E130;0
11687;4;0;0;SP;SAO CARLOS;JARDIM MACARENGO;2019-01-01 19:51:16.770;E130;0
11687;4;0;0;SP;SAO CARLOS;JARDIM MACARENGO;2019-01-01 19:51:24.130;E130;0
11687;4;0;0;SP;SAO CARLOS;JARDIM MACARENGO;2019-01-01 19:51:31.610;E130;0
11687;4;0;0;SP;SAO CARLOS;JARDIM MACARENGO;2019-01-01 19:51:38.370;E130;0
11687;4;0;0;SP;SAO CARLOS;JARDIM MACARENGO;2019-01-01 19:51:45.843;E130;0
11687;4;0;0;SP;SAO CARLOS;JARDIM MACARENGO;2019-01-01 19:51:53.313;E130;0
11687;4;0;0;SP;SAO CARLOS;JARDIM MACARENGO;2019-01-01 19:52:00.100;E130;0
11687;4;0;0;SP;SAO CARLOS;JARDIM MACARENGO;2019-01-01 19:52:07.727;E130;0
11687;4;0;0;SP;SAO CARLOS;JARDIM MACARENGO;2019-01-01 19:52:15.187;E130;0
11687;4;0;0;SP;SAO CARLOS;JARDIM MACARENGO;2019-01-01 19:52:23.940;E130;0
11687;4;0;0;SP;SAO CARLOS;JARDIM MACARENGO;2019-01-01 19:52:31.340;E130;0
11687;4;0;0;SP;SAO CARLOS;JARDIM MACARENGO;2019-01-01 19:52:38.250;E130;0
11687;4;0;0;SP;SAO CARLOS;JARDIM MACARENGO;2019-01-01 19:52:47.200;E130;0
11687;4;0;0;SP;SAO CARLOS;JARDIM MACARENGO;2019-01-01 19:52:54.530;E130;0
11687;4;0;0;SP;SAO CARLOS;JARDIM MACARENGO;2019-01-01 19:53:01.313;E130;0
11687;4;0;0;SP;SAO CARLOS;JARDIM MACARENGO;2019-01-01 19:53:08.743;E130;0
11687;4;0;0;SP;SAO CARLOS;JARDIM MACARENGO;2019-01-01 19:53:16.080;E130;0
11687;4;0;0;SP;SAO CARLOS;JARDIM MACARENGO;2019-01-01 19:53:23.630;E130;0
11687;4;0;0;SP;SAO CARLOS;JARDIM MACARENGO;2019-01-01 19:53:30.500;E130;0
11687;4;0;0;SP;SAO CARLOS;JARDIM MACARENGO;2019-01-01 19:53:37.837;E130;0
11687;4;0;0;SP;SAO CARLOS;JARDIM MACARENGO;2019-01-01 19:53:45.443;E130;0
11687;4;0;0;SP;SAO CARLOS;JARDIM MACARENGO;2019-01-01 19:53:52.660;E130;0
11687;4;0;0;SP;SAO CARLOS;JARDIM MACARENGO;2019-01-01 19:54:00.950;E130;0
11687;4;0;0;SP;SAO CARLOS;JARDIM MACARENGO;2019-01-01 19:54:08.400;E130;0
11687;4;0;0;SP;SAO CARLOS;JARDIM MACARENGO;2019-01-01 19:54:17.380;E130;0
11687;4;0;0;SP;SAO CARLOS;JARDIM MACARENGO;2019-01-01 19:54:24.680;E130;0
11687;4;0;0;SP;SAO CARLOS;JARDIM MACARENGO;2019-01-01 19:54:33.787;E130;0
11687;4;0;0;SP;SAO CARLOS;JARDIM MACARENGO;2019-01-01 19:54:50.123;E130;0
11687;4;0;0;SP;SAO CARLOS;JARDIM MACARENGO;2019-01-01 19:54:57.397;E130;0
11687;4;0;0;SP;SAO CARLOS;JARDIM MACARENGO;2019-01-01 19:55:04.900;E130;0
11687;4;0;0;SP;SAO CARLOS;JARDIM MACARENGO;2019-01-01 19:55:13.570;E130;0
11687;4;0;0;SP;SAO CARLOS;JARDIM MACARENGO;2019-01-01 19:55:20.600;E130;0
11687;4;0;0;SP;SAO CARLOS;JARDIM MACARENGO;2019-01-01 20:05:21.787;E130;0
11687;4;0;0;SP;SAO CARLOS;JARDIM MACARENGO;2019-01-01 20:06:57.870;E130;0
11687;4;0;0;SP;SAO CARLOS;JARDIM MACARENGO;2019-01-01 20:07:39.987;E130;0
11687;4;0;0;SP;SAO CARLOS;JARDIM MACARENGO;2019-01-01 20:07:47.227;E130;0
11687;4;0;0;SP;SAO CARLOS;JARDIM MACARENGO;2019-01-01 20:07:54.780;E130;0
11401;5;0;1;SP;IBATE;RURAL;2019-01-01 20:14:14.680;E130;0
6578;4;0;1;SP;SAO CARLOS;PLANALTO PARAÍSO;2019-01-01 20:19:00.380;E130;1
11849;4;0;1;SP;SAO CARLOS;PLANALTO PARAISO;2019-01-01 20:24:09.520;E134;0
11401;5;0;1;SP;IBATE;RURAL;2019-01-01 21:02:56.157;E130;0
11876;4;0;1;SP;SAO CARLOS;JARDIM MACARENGO;2019-01-01 21:53:35.377;E810;0
11781;4;0;0;SP;SAO CARLOS;VILA LUTFALLA;2019-01-01 21:56:07.167;E130;0
11385;4;0;1;SP;SAO CARLOS;PARQUE SANTA MONICA;2019-01-01 23:15:38.507;E130;0
11794;4;0;0;SP;SAO CARLOS;PARQUE SANTA MONICA;2019-01-01 23:34:31.527;E130;0
11416;4;0;1;SP;SAO CARLOS;VILA MONTEIRO;2019-01-02 00:57:55.220;E130;0
11689;4;1;0;SP;SAO CARLOS;CENTRO;2019-01-02 01:09:38.730;E131;0
11478;4;0;1;SP;SAO CARLOS;PARQUE SANTA MONICA;2019-01-02 01:27:37.207;E130;0
11302;5;0;0;SP;SAO CARLOS;VILA PRADO;2019-01-02 01:27:40.667;E131;0
11761;3;1;0;SP;SAO CARLOS;ZONA RURAL;2019-01-02 02:12:51.750;E131;0
11761;3;1;0;SP;SAO CARLOS;ZONA RURAL;2019-01-02 02:13:02.760;E131;0
11838;4;0;0;SP;SAO CARLOS;VILA ALPES;2019-01-02 02:29:11.187;E123;0
11715;3;0;0;SP;SAO CARLOS;CENTRO;2019-01-02 03:02:55.430;E131;0
11715;3;0;0;SP;SAO CARLOS;CENTRO;2019-01-02 03:03:30.937;E131;0
11715;3;0;0;SP;SAO CARLOS;CENTRO;2019-01-02 03:04:51.130;E131;0
11715;3;0;0;SP;SAO CARLOS;CENTRO;2019-01-02 03:08:56.803;E131;0
11742;4;1;0;SP;SAO CARLOS;RESID MONS ROMEU TORTORELLI;2019-01-02 03:13:24.117;E130;0
11715;3;0;0;SP;SAO CARLOS;CENTRO;2019-01-02 03:16:49.847;E131;0
11715;3;0;0;SP;SAO CARLOS;CENTRO;2019-01-02 03:17:49.733;E131;0
11715;3;0;0;SP;SAO CARLOS;CENTRO;2019-01-02 03:19:42.430;E131;0
8984;4;1;2;SP;SAO CARLOS;RESID MONS ROMEU TORTORELLI;2019-01-02 03:23:34.843;E130;1
11715;3;0;0;SP;SAO CARLOS;CENTRO;2019-01-02 03:23:53.280;E131;0
11715;3;0;0;SP;SAO CARLOS;CENTRO;2019-01-02 03:24:01.390;E131;0
11715;3;0;0;SP;SAO CARLOS;CENTRO;2019-01-02 03:24:56.210;E131;0
11742;4;1;0;SP;SAO CARLOS;RESID MONS ROMEU TORTORELLI;2019-01-02 03:25:07.297;E130;0
8984;4;1;2;SP;SAO CARLOS;RESID MONS ROMEU TORTORELLI;2019-01-02 03:25:22.417;E130;1
11742;4;1;0;SP;SAO CARLOS;RESID MONS ROMEU TORTORELLI;2019-01-02 03:25:34.957;E130;0
11742;4;1;0;SP;SAO CARLOS;RESID MONS ROMEU TORTORELLI;2019-01-02 03:25:45.267;E130;0
11742;4;1;0;SP;SAO CARLOS;RESID MONS ROMEU TORTORELLI;2019-01-02 03:25:58.097;E130;0
11742;4;1;0;SP;SAO CARLOS;RESID MONS ROMEU TORTORELLI;2019-01-02 03:26:25.060;E130;0
11742;4;1;0;SP;SAO CARLOS;RESID MONS ROMEU TORTORELLI;2019-01-02 03:26:35.970;E130;0
11742;4;1;0;SP;SAO CARLOS;RESID MONS ROMEU TORTORELLI;2019-01-02 03:26:50.130;E130;0
11742;4;1;0;SP;SAO CARLOS;RESID MONS ROMEU TORTORELLI;2019-01-02 03:27:10.507;E130;0
11715;3;0;0;SP;SAO CARLOS;CENTRO;2019-01-02 03:27:47.730;E131;0
11715;3;0;0;SP;SAO CARLOS;CENTRO;2019-01-02 03:27:59.897;E131;0
11742;4;1;0;SP;SAO CARLOS;RESID MONS ROMEU TORTORELLI;2019-01-02 03:27:59.947;E130;0
11715;3;0;0;SP;SAO CARLOS;CENTRO;2019-01-02 03:28:07.000;E131;0
11742;4;1;0;SP;SAO CARLOS;RESID MONS ROMEU TORTORELLI;2019-01-02 03:28:11.530;E130;0
11715;3;0;0;SP;SAO CARLOS;CENTRO;2019-01-02 03:28:15.103;E131;0
11742;4;1;0;SP;SAO CARLOS;RESID MONS ROMEU TORTORELLI;2019-01-02 03:28:18.910;E130;0
11742;4;1;0;SP;SAO CARLOS;RESID MONS ROMEU TORTORELLI;2019-01-02 03:29:15.847;E130;0
11715;3;0;0;SP;SAO CARLOS;CENTRO;2019-01-02 03:29:41.447;E131;0
11742;4;1;0;SP;SAO CARLOS;RESID MONS ROMEU TORTORELLI;2019-01-02 03:30:20.870;E130;0
8984;4;1;2;SP;SAO CARLOS;RESID MONS ROMEU TORTORELLI;2019-01-02 03:32:37.153;E130;1
8984;4;1;2;SP;SAO CARLOS;RESID MONS ROMEU TORTORELLI;2019-01-02 03:32:44.147;E130;1
11715;3;0;0;SP;SAO CARLOS;CENTRO;2019-01-02 03:33:13.650;E131;0
11715;3;0;0;SP;SAO CARLOS;CENTRO;2019-01-02 03:33:21.790;E131;0
11715;3;0;0;SP;SAO CARLOS;CENTRO;2019-01-02 03:33:53.280;E131;0
11715;3;0;0;SP;SAO CARLOS;CENTRO;2019-01-02 03:34:01.407;E131;0
11715;3;0;0;SP;SAO CARLOS;CENTRO;2019-01-02 03:34:09.513;E131;0
11715;3;0;0;SP;SAO CARLOS;CENTRO;2019-01-02 03:35:10.460;E131;0
11715;3;0;0;SP;SAO CARLOS;CENTRO;2019-01-02 03:36:30.660;E131;0
11715;3;0;0;SP;SAO CARLOS;CENTRO;2019-01-02 03:38:57.913;E131;0
11326;5;1;0;SP;SAO CARLOS;CENTRO;2019-01-02 03:39:08.887;E130;0
11715;3;0;0;SP;SAO CARLOS;CENTRO;2019-01-02 03:40:15.167;E131;0
11715;3;0;0;SP;SAO CARLOS;CENTRO;2019-01-02 03:41:52.637;E131;0
11715;3;0;0;SP;SAO CARLOS;CENTRO;2019-01-02 03:45:24.843;E131;0
11715;3;0;0;SP;SAO CARLOS;CENTRO;2019-01-02 03:45:32.997;E131;0
11715;3;0;0;SP;SAO CARLOS;CENTRO;2019-01-02 03:46:18.713;E131;0
11715;3;0;0;SP;SAO CARLOS;CENTRO;2019-01-02 03:51:29.360;E131;0
11715;3;0;0;SP;SAO CARLOS;CENTRO;2019-01-02 03:52:30.293;E131;0
11715;3;0;0;SP;SAO CARLOS;CENTRO;2019-01-02 03:56:35.933;E131;0
11715;3;0;0;SP;SAO CARLOS;CENTRO;2019-01-02 04:03:08.730;E131;0
11715;3;0;0;SP;SAO CARLOS;CENTRO;2019-01-02 04:05:31.817;E131;0
11715;3;0;0;SP;SAO CARLOS;CENTRO;2019-01-02 04:10:43.343;E131;0
11715;3;0;0;SP;SAO CARLOS;CENTRO;2019-01-02 04:11:26.950;E131;0
11715;3;0;0;SP;SAO CARLOS;CENTRO;2019-01-02 04:12:26.870;E131;0
11715;3;0;0;SP;SAO CARLOS;CENTRO;2019-01-02 04:13:58.267;E131;0
11715;3;0;0;SP;SAO CARLOS;CENTRO;2019-01-02 04:14:06.370;E131;0
11715;3;0;0;SP;SAO CARLOS;CENTRO;2019-01-02 04:14:14.483;E131;0
11866;4;0;0;SP;SAO CARLOS;JARDIM SAO PAULO;2019-01-02 04:35:09.630;E131;0
11302;5;0;0;SP;SAO CARLOS;VILA PRADO;2019-01-02 04:40:05.113;E131;0
11478;4;0;1;SP;SAO CARLOS;PARQUE SANTA MONICA;2019-01-02 04:43:33.823;E130;0
11716;4;0;0;SP;SAO CARLOS;CENTRO;2019-01-02 04:47:41.057;E130;0
11319;5;0;0;SP;SAO CARLOS;CHÁCARA DAS FLORES;2019-01-02 05:25:05.330;E130;0
11849;4;0;1;SP;SAO CARLOS;PLANALTO PARAISO;2019-01-02 06:37:16.403;E134;0
11676;4;0;0;SP;SAO CARLOS;VILA PRADO;2019-01-02 06:40:54.663;E134;0
11676;4;0;0;SP;SAO CARLOS;VILA PRADO;2019-01-02 06:41:55.587;E134;0
11676;4;0;0;SP;SAO CARLOS;VILA PRADO;2019-01-02 06:42:01.663;E134;0
11676;4;0;0;SP;SAO CARLOS;VILA PRADO;2019-01-02 06:42:06.763;E122;0
11676;4;0;0;SP;SAO CARLOS;VILA PRADO;2019-01-02 06:42:25.000;E134;0
11676;4;0;0;SP;SAO CARLOS;VILA PRADO;2019-01-02 06:42:48.363;E134;0
11676;4;0;0;SP;SAO CARLOS;VILA PRADO;2019-01-02 06:42:54.450;E122;0
11676;4;0;0;SP;SAO CARLOS;VILA PRADO;2019-01-02 06:43:30.970;E122;0
11676;4;0;0;SP;SAO CARLOS;VILA PRADO;2019-01-02 06:43:52.277;E134;0
11676;4;0;0;SP;SAO CARLOS;VILA PRADO;2019-01-02 06:43:58.360;E134;0
11676;4;0;0;SP;SAO CARLOS;VILA PRADO;2019-01-02 06:44:03.457;E122;0
11676;4;0;0;SP;SAO CARLOS;VILA PRADO;2019-01-02 06:44:42.000;E134;0
11676;4;0;0;SP;SAO CARLOS;VILA PRADO;2019-01-02 06:45:12.423;E134;0
11676;4;0;0;SP;SAO CARLOS;VILA PRADO;2019-01-02 06:45:17.490;E122;0
11676;4;0;0;SP;SAO CARLOS;VILA PRADO;2019-01-02 06:45:41.837;E134;0
11676;4;0;0;SP;SAO CARLOS;VILA PRADO;2019-01-02 06:46:10.240;E134;0
11676;4;0;0;SP;SAO CARLOS;VILA PRADO;2019-01-02 06:46:15.340;E134;0
11676;4;0;0;SP;SAO CARLOS;VILA PRADO;2019-01-02 06:46:35.670;E134;0
11676;4;0;0;SP;SAO CARLOS;VILA PRADO;2019-01-02 06:46:40.733;E134;0
11676;4;0;0;SP;SAO CARLOS;VILA PRADO;2019-01-02 06:47:05.077;E134;0
11676;4;0;0;SP;SAO CARLOS;VILA PRADO;2019-01-02 06:47:48.717;E134;0
11676;4;0;0;SP;SAO CARLOS;VILA PRADO;2019-01-02 06:48:16.133;E134;0
11676;4;0;0;SP;SAO CARLOS;VILA PRADO;2019-01-02 06:48:41.520;E122;0
11676;4;0;0;SP;SAO CARLOS;VILA PRADO;2019-01-02 06:48:46.593;E134;0
11676;4;0;0;SP;SAO CARLOS;VILA PRADO;2019-01-02 06:48:48.610;E134;0
11676;4;0;0;SP;SAO CARLOS;VILA PRADO;2019-01-02 06:49:09.933;E122;0
11676;4;0;0;SP;SAO CARLOS;VILA PRADO;2019-01-02 06:49:28.187;E134;0
11676;4;0;0;SP;SAO CARLOS;VILA PRADO;2019-01-02 06:49:51.510;E134;0
11676;4;0;0;SP;SAO CARLOS;VILA PRADO;2019-01-02 06:49:56.590;E134;0
11676;4;0;0;SP;SAO CARLOS;VILA PRADO;2019-01-02 06:50:25.000;E134;0
11668;3;0;1;SP;SAO CARLOS;JARDIM SÃO CARLOS;2019-01-02 06:51:15.767;E131;0
11668;3;0;1;SP;SAO CARLOS;JARDIM SÃO CARLOS;2019-01-02 06:51:49.230;E131;0
11668;3;0;1;SP;SAO CARLOS;JARDIM SÃO CARLOS;2019-01-02 06:51:54.320;E134;0
11668;3;0;1;SP;SAO CARLOS;JARDIM SÃO CARLOS;2019-01-02 06:52:00.417;E134;0
11676;4;0;0;SP;SAO CARLOS;VILA PRADO;2019-01-02 06:53:31.717;E134;0
11676;4;0;0;SP;SAO CARLOS;VILA PRADO;2019-01-02 06:54:13.280;E134;0
11676;4;0;0;SP;SAO CARLOS;VILA PRADO;2019-01-02 06:54:44.737;E134;0
11676;4;0;0;SP;SAO CARLOS;VILA PRADO;2019-01-02 06:55:12.203;E134;0
11676;4;0;0;SP;SAO CARLOS;VILA PRADO;2019-01-02 06:55:37.597;E134;0
11676;4;0;0;SP;SAO CARLOS;VILA PRADO;2019-01-02 06:55:38.607;E134;0
11676;4;0;0;SP;SAO CARLOS;VILA PRADO;2019-01-02 06:55:42.663;E134;0
11676;4;0;0;SP;SAO CARLOS;VILA PRADO;2019-01-02 06:56:09.040;E134;0
11668;3;0;1;SP;SAO CARLOS;JARDIM SÃO CARLOS;2019-01-02 06:56:36.563;E131;0
11668;3;0;1;SP;SAO CARLOS;JARDIM SÃO CARLOS;2019-01-02 06:57:11.117;E134;0
11668;3;0;1;SP;SAO CARLOS;JARDIM SÃO CARLOS;2019-01-02 06:57:17.200;E134;0
11668;3;0;1;SP;SAO CARLOS;JARDIM SÃO CARLOS;2019-01-02 06:57:43.597;E131;0
11676;4;0;0;SP;SAO CARLOS;VILA PRADO;2019-01-02 07:00:53.467;E134;0
11676;4;0;0;SP;SAO CARLOS;VILA PRADO;2019-01-02 07:01:50.263;E134;0
11676;4;0;0;SP;SAO CARLOS;VILA PRADO;2019-01-02 07:03:55.017;E134;0
8984;4;1;2;SP;SAO CARLOS;RESID MONS ROMEU TORTORELLI;2019-01-02 07:04:12.640;E130;1
8984;4;1;2;SP;SAO CARLOS;RESID MONS ROMEU TORTORELLI;2019-01-02 07:04:20.043;E130;1
8984;4;1;2;SP;SAO CARLOS;RESID MONS ROMEU TORTORELLI;2019-01-02 07:04:27.637;E130;1
11676;4;0;0;SP;SAO CARLOS;VILA PRADO;2019-01-02 07:06:03.133;E134;0
11676;4;0;0;SP;SAO CARLOS;VILA PRADO;2019-01-02 07:06:31.520;E134;0
11676;4;0;0;SP;SAO CARLOS;VILA PRADO;2019-01-02 07:08:37.317;E134;0
11676;4;0;0;SP;SAO CARLOS;VILA PRADO;2019-01-02 07:09:06.723;E134;0
11676;4;0;0;SP;SAO CARLOS;VILA PRADO;2019-01-02 07:09:12.807;E134;0
11878;5;1;0;SP;RIBEIRAO PRETO;Parque Res Candido Portinari;2019-01-02 07:09:22.000;E130;0
11878;5;1;0;SP;RIBEIRAO PRETO;Parque Res Candido Portinari;2019-01-02 07:09:25.897;E130;0
11878;5;1;0;SP;RIBEIRAO PRETO;Parque Res Candido Portinari;2019-01-02 07:09:29.377;E130;0
11878;5;1;0;SP;RIBEIRAO PRETO;Parque Res Candido Portinari;2019-01-02 07:09:37.910;E130;0
11676;4;0;0;SP;SAO CARLOS;VILA PRADO;2019-01-02 07:12:02.217;E134;0
11676;4;0;0;SP;SAO CARLOS;VILA PRADO;2019-01-02 07:13:10.163;E134;0
11676;4;0;0;SP;SAO CARLOS;VILA PRADO;2019-01-02 07:16:12.820;E134;0
11676;4;0;0;SP;SAO CARLOS;VILA PRADO;2019-01-02 07:17:54.270;E134;0
11859;4;0;0;SP;SAO CARLOS;JARDIM BANDEIRANTES;2019-01-02 07:18:02.393;E131;0
11676;4;0;0;SP;SAO CARLOS;VILA PRADO;2019-01-02 07:18:18.637;E134;0
11676;4;0;0;SP;SAO CARLOS;VILA PRADO;2019-01-02 07:20:17.343;E134;0
11676;4;0;0;SP;SAO CARLOS;VILA PRADO;2019-01-02 07:21:09.087;E134;0
11676;4;0;0;SP;SAO CARLOS;VILA PRADO;2019-01-02 07:22:09.943;E134;0
11676;4;0;0;SP;SAO CARLOS;VILA PRADO;2019-01-02 07:23:20.973;E134;0
11676;4;0;0;SP;SAO CARLOS;VILA PRADO;2019-01-02 07:24:28.923;E134;0
11676;4;0;0;SP;SAO CARLOS;VILA PRADO;2019-01-02 07:25:06.477;E134;0
11676;4;0;0;SP;SAO CARLOS;VILA PRADO;2019-01-02 07:26:26.697;E134;0
11676;4;0;0;SP;SAO CARLOS;VILA PRADO;2019-01-02 07:27:42.850;E134;0
11676;4;0;0;SP;SAO CARLOS;VILA PRADO;2019-01-02 07:28:36.583;E134;0
11676;4;0;0;SP;SAO CARLOS;VILA PRADO;2019-01-02 07:29:37.473;E134;0
11676;4;0;0;SP;SAO CARLOS;VILA PRADO;2019-01-02 07:31:09.947;E134;0
11676;4;0;0;SP;SAO CARLOS;VILA PRADO;2019-01-02 07:32:18.010;E134;0
11676;4;0;0;SP;SAO CARLOS;VILA PRADO;2019-01-02 07:34:40.113;E134;0
11676;4;0;0;SP;SAO CARLOS;VILA PRADO;2019-01-02 07:35:17.647;E134;0
11676;4;0;0;SP;SAO CARLOS;VILA PRADO;2019-01-02 07:35:49.130;E134;0
11676;4;0;0;SP;SAO CARLOS;VILA PRADO;2019-01-02 07:37:18.473;E134;0
11676;4;0;0;SP;SAO CARLOS;VILA PRADO;2019-01-02 07:37:23.540;E134;0
11676;4;0;0;SP;SAO CARLOS;VILA PRADO;2019-01-02 07:37:43.960;E134;0
11676;4;0;0;SP;SAO CARLOS;VILA PRADO;2019-01-02 07:38:53.000;E134;0
11676;4;0;0;SP;SAO CARLOS;VILA PRADO;2019-01-02 07:39:17.410;E134;0
11676;4;0;0;SP;SAO CARLOS;VILA PRADO;2019-01-02 07:39:48.883;E134;0
11182;2;0;0;SP;SAO CARLOS;JARDIM SANTA MARIA II;2019-01-02 07:42:36.533;E131;0
11660;4;1;1;SP;SAO CARLOS;JARDIM NOVA SAO CARLOS;2019-01-02 07:52:13.353;E130;0
11859;4;0;0;SP;SAO CARLOS;JARDIM BANDEIRANTES;2019-01-02 07:53:58.210;E131;0
11633;4;0;0;SP;IBATE;ZONA RURAL;2019-01-02 08:15:32.247;E301;0
11624;3;0;1;SP;SAO CARLOS;JARDIM MACARENGO;2019-01-02 08:16:33.170;E132;0
11839;4;0;1;SP;SAO CARLOS;PARQUE SANTA MONICA;2019-01-02 08:22:10.567;E133;0
11839;4;0;1;SP;SAO CARLOS;PARQUE SANTA MONICA;2019-01-02 08:22:26.830;E133;0
11846;4;0;1;SP;SAO CARLOS;PARQUE SANTA MONICA;2019-01-02 08:23:08.620;E130;0
10049;5;0;0;SP;SAO CARLOS;JARDIM IPANEMA;2019-01-02 08:34:28.107;E131;1
11182;2;0;0;SP;SAO CARLOS;JARDIM SANTA MARIA II;2019-01-02 08:38:48.943;E134;0
11867;4;0;1;SP;SAO CARLOS;JARDIM ALVORADA;2019-01-02 08:42:29.123;E301;0
11875;4;0;1;SP;SAO CARLOS;JARDIM ACAPULCO;2019-01-02 08:43:33.793;E131;0
11385;4;0;1;SP;SAO CARLOS;PARQUE SANTA MONICA;2019-01-02 08:48:01.893;E130;0
4589;4;0;0;SP;SAO CARLOS;CIDADE JARDIM;2019-01-02 08:49:23.340;E132;1
4589;4;0;0;SP;SAO CARLOS;CIDADE JARDIM;2019-01-02 08:52:47.717;E131;1
11839;4;0;1;SP;SAO CARLOS;PARQUE SANTA MONICA;2019-01-02 09:06:01.510;E133;0
11839;4;0;1;SP;SAO CARLOS;PARQUE SANTA MONICA;2019-01-02 09:07:21.787;E133;0
11839;4;0;1;SP;SAO CARLOS;PARQUE SANTA MONICA;2019-01-02 09:15:15.220;E133;0
10049;5;0;0;SP;SAO CARLOS;JARDIM IPANEMA;2019-01-02 09:17:48.407;E131;1
11876;4;0;1;SP;SAO CARLOS;JARDIM MACARENGO;2019-01-02 09:26:29.993;E810;0
11493;3;0;1;SP;SAO CARLOS;CIDADE ARACY;2019-01-02 09:33:38.670;E301;0
11626;3;0;1;SP;SAO CARLOS;CENTRO;2019-01-02 09:36:16.203;E113;0
11839;4;0;1;SP;SAO CARLOS;PARQUE SANTA MONICA;2019-01-02 09:41:01.727;E133;0
11839;4;0;1;SP;SAO CARLOS;PARQUE SANTA MONICA;2019-01-02 09:41:09.867;E133;0
11839;4;0;1;SP;SAO CARLOS;PARQUE SANTA MONICA;2019-01-02 09:41:17.993;E133;0
11875;4;0;1;SP;SAO CARLOS;JARDIM ACAPULCO;2019-01-02 09:45:42.013;E131;0
11839;4;0;1;SP;SAO CARLOS;PARQUE SANTA MONICA;2019-01-02 09:55:50.320;E133;0
11839;4;0;1;SP;SAO CARLOS;PARQUE SANTA MONICA;2019-01-02 09:55:58.463;E133;0
11839;4;0;1;SP;SAO CARLOS;PARQUE SANTA MONICA;2019-01-02 09:56:10.647;E133;0
11839;4;0;1;SP;SAO CARLOS;PARQUE SANTA MONICA;2019-01-02 09:56:58.427;E133;0
11839;4;0;1;SP;SAO CARLOS;PARQUE SANTA MONICA;2019-01-02 09:57:18.747;E133;0
11839;4;0;1;SP;SAO CARLOS;PARQUE SANTA MONICA;2019-01-02 10:00:31.763;E133;0
11839;4;0;1;SP;SAO CARLOS;PARQUE SANTA MONICA;2019-01-02 10:04:40.013;E133;0
11715;3;0;0;SP;SAO CARLOS;CENTRO;2019-01-02 10:09:51.210;E131;0
4589;4;0;0;SP;SAO CARLOS;CIDADE JARDIM;2019-01-02 10:10:05.423;E132;1
11590;4;1;1;SP;SAO CARLOS;CIDADE ARACY;2019-01-02 10:14:57.170;E301;0
11759;3;0;0;SP;SAO CARLOS;VILA PRADO;2019-01-02 10:15:36.220;E301;0
11619;5;1;1;SP;SAO CARLOS;RECREIO DOS BANDEIRANTES;2019-01-02 10:16:11.787;1902;0
11619;5;1;1;SP;SAO CARLOS;RECREIO DOS BANDEIRANTES;2019-01-02 10:16:22.543;E301;0
11758;4;0;0;SP;SAO CARLOS;VILA PRADO;2019-01-02 10:16:30.080;E301;0
11711;4;0;0;SP;SAO CARLOS;VILA PRADO;2019-01-02 10:16:32.103;E301;0
11724;3;0;0;SP;SAO CARLOS;VILA PRADO;2019-01-02 10:16:32.103;E301;0
11875;4;0;1;SP;SAO CARLOS;JARDIM ACAPULCO;2019-01-02 10:16:38.187;E122;0
11772;4;0;0;SP;SAO CARLOS;VILA PRADO;2019-01-02 10:16:43.267;E301;0
11804;3;0;0;SP;SAO CARLOS;VILA BOA VISTA;2019-01-02 10:16:52.410;E301;0
11759;3;0;0;SP;SAO CARLOS;VILA PRADO;2019-01-02 10:17:32.113;E301;0
11781;4;0;0;SP;SAO CARLOS;VILA LUTFALLA;2019-01-02 10:17:39.767;E301;0
11758;4;0;0;SP;SAO CARLOS;VILA PRADO;2019-01-02 10:18:01.570;E301;0
11839;4;0;1;SP;SAO CARLOS;PARQUE SANTA MONICA;2019-01-02 10:18:07.687;E133;0
11846;4;0;1;SP;SAO CARLOS;PARQUE SANTA MONICA;2019-01-02 10:18:11.747;E130;0
11875;4;0;1;SP;SAO CARLOS;JARDIM ACAPULCO;2019-01-02 10:18:24.977;E122;0
11839;4;0;1;SP;SAO CARLOS;PARQUE SANTA MONICA;2019-01-02 10:18:31.080;E133;0
6330;5;0;0;SP;SAO CARLOS;VILA PRADO;2019-01-02 10:18:31.080;E301;1
11839;4;0;1;SP;SAO CARLOS;PARQUE SANTA MONICA;2019-01-02 10:18:43.280;E133;0
11839;4;0;1;SP;SAO CARLOS;PARQUE SANTA MONICA;2019-01-02 10:18:59.503;E133;0
11839;4;0;1;SP;SAO CARLOS;PARQUE SANTA MONICA;2019-01-02 10:19:15.817;E133;0
11839;4;0;1;SP;SAO CARLOS;PARQUE SANTA MONICA;2019-01-02 10:19:26.990;E133;0
11839;4;0;1;SP;SAO CARLOS;PARQUE SANTA MONICA;2019-01-02 10:19:43.220;E133;0
5413;3;0;1;SP;SAO CARLOS;VILA PRADO;2019-01-02 10:22:11.313;E301;1
11846;4;0;1;SP;SAO CARLOS;PARQUE SANTA MONICA;2019-01-02 10:23:53.053;E130;0
11846;4;0;1;SP;SAO CARLOS;PARQUE SANTA MONICA;2019-01-02 10:24:09.347;E130;0
11590;4;1;1;SP;SAO CARLOS;CIDADE ARACY;2019-01-02 10:31:04.310;E301;0
11838;4;0;0;SP;SAO CARLOS;VILA ALPES;2019-01-02 10:44:07.727;E131;0
11884;3;0;1;SP;SAO CARLOS;JARDIM ACAPULCO;2019-01-02 10:49:28.960;E122;0
11884;3;0;1;SP;SAO CARLOS;JARDIM ACAPULCO;2019-01-02 10:49:37.070;E122;0
11408;4;1;1;SP;SAO CARLOS;ZONA RURAL;2019-01-02 10:50:27.060;E301;0
11340;5;0;1;SP;SAO CARLOS;RECREIO DOS BANDEIRANTES;2019-01-02 10:54:46.847;E131;0
11650;3;0;0;SP;SAO CARLOS;CENTRO;2019-01-02 10:56:03.050;E131;0
11445;4;1;0;SP;SAO CARLOS;JARDIM GILBERTONI;2019-01-02 11:04:53.820;E130;0
11445;4;1;0;SP;SAO CARLOS;JARDIM GILBERTONI;2019-01-02 11:05:17.960;E130;0
11219;5;0;0;SP;SAO CARLOS;CIDADE ARACY;2019-01-02 11:13:59.993;E301;0
11219;5;0;0;SP;SAO CARLOS;CIDADE ARACY;2019-01-02 11:14:48.840;E301;0
11590;4;1;1;SP;SAO CARLOS;CIDADE ARACY;2019-01-02 11:29:43.897;E301;0
11219;5;0;0;SP;SAO CARLOS;CIDADE ARACY;2019-01-02 11:30:30.680;E301;0
11219;5;0;0;SP;SAO CARLOS;CIDADE ARACY;2019-01-02 11:31:20.513;E301;0
11634;4;0;0;SP;SAO CARLOS;LOT SOCIAL ANTENOR GARCIA;2019-01-02 11:34:36.360;E301;0
11492;3;1;1;SP;SAO CARLOS;CIDADE ARACY;2019-01-02 11:36:20.103;E301;0
11294;4;0;1;SP;SAO CARLOS;CENTRO;2019-01-02 11:44:15.447;E146;0
11294;4;0;1;SP;SAO CARLOS;CENTRO;2019-01-02 11:44:23.570;E146;0
4572;4;0;0;SP;SAO CARLOS;CENTRO;2019-01-02 11:44:59.320;E122;1
11164;5;0;0;SP;IBATE;CENTRO;2019-01-02 11:49:18.830;E131;0
11164;5;0;0;SP;IBATE;CENTRO;2019-01-02 11:50:33.943;E131;0
11276;3;0;1;SP;SAO CARLOS;CIDADE ARACY II;2019-01-02 11:51:02.810;E301;0
11164;5;0;0;SP;IBATE;CENTRO;2019-01-02 11:56:26.263;E131;0
11590;4;1;1;SP;SAO CARLOS;CIDADE ARACY;2019-01-02 11:57:17.917;E301;0
11164;5;0;0;SP;IBATE;CENTRO;2019-01-02 11:59:09.007;E131;0
11219;5;0;0;SP;SAO CARLOS;CIDADE ARACY;2019-01-02 12:01:46.017;E301;0
11219;5;0;0;SP;SAO CARLOS;CIDADE ARACY;2019-01-02 12:02:33.723;E301;0
11607;4;0;1;SP;SAO CARLOS;PLANALTO PARAISO;2019-01-02 12:06:14.067;E131;0
11799;3;0;1;SP;SAO CARLOS;VILA FARIA;2019-01-02 12:07:44.440;E123;0
11799;3;0;1;SP;SAO CARLOS;VILA FARIA;2019-01-02 12:07:52.543;E123;0
11799;3;0;1;SP;SAO CARLOS;VILA FARIA;2019-01-02 12:08:00.667;E123;0
11799;3;0;1;SP;SAO CARLOS;VILA FARIA;2019-01-02 12:08:12.853;E123;0
11799;3;0;1;SP;SAO CARLOS;VILA FARIA;2019-01-02 12:08:24.023;E123;0
11799;3;0;1;SP;SAO CARLOS;VILA FARIA;2019-01-02 12:08:40.277;E123;0
11799;3;0;1;SP;SAO CARLOS;VILA FARIA;2019-01-02 12:08:48.393;E123;0
11799;3;0;1;SP;SAO CARLOS;VILA FARIA;2019-01-02 12:09:00.553;E123;0
11799;3;0;1;SP;SAO CARLOS;VILA FARIA;2019-01-02 12:09:08.680;E123;0
11799;3;0;1;SP;SAO CARLOS;VILA FARIA;2019-01-02 12:09:16.800;E123;0
11799;3;0;1;SP;SAO CARLOS;VILA FARIA;2019-01-02 12:09:36.060;E123;0
11799;3;0;1;SP;SAO CARLOS;VILA FARIA;2019-01-02 12:09:48.240;E123;0
11799;3;0;1;SP;SAO CARLOS;VILA FARIA;2019-01-02 12:09:56.340;E123;0
11799;3;0;1;SP;SAO CARLOS;VILA FARIA;2019-01-02 12:10:12.620;E123;0
11799;3;0;1;SP;SAO CARLOS;VILA FARIA;2019-01-02 12:10:24.807;E123;0
11799;3;0;1;SP;SAO CARLOS;VILA FARIA;2019-01-02 12:10:40.027;E123;0
11799;3;0;1;SP;SAO CARLOS;VILA FARIA;2019-01-02 12:10:48.140;E123;0
11799;3;0;1;SP;SAO CARLOS;VILA FARIA;2019-01-02 12:10:56.283;E123;0
11799;3;0;1;SP;SAO CARLOS;VILA FARIA;2019-01-02 12:11:02.367;E123;0
11799;3;0;1;SP;SAO CARLOS;VILA FARIA;2019-01-02 12:11:10.490;E123;0
11799;3;0;1;SP;SAO CARLOS;VILA FARIA;2019-01-02 12:11:12.523;E123;0
11799;3;0;1;SP;SAO CARLOS;VILA FARIA;2019-01-02 12:11:18.617;E123;0
11799;3;0;1;SP;SAO CARLOS;VILA FARIA;2019-01-02 12:11:26.727;E123;0
11799;3;0;1;SP;SAO CARLOS;VILA FARIA;2019-01-02 12:11:34.847;E123;0
11799;3;0;1;SP;SAO CARLOS;VILA FARIA;2019-01-02 12:11:47.057;E123;0
11799;3;0;1;SP;SAO CARLOS;VILA FARIA;2019-01-02 12:11:58.257;E123;0
11799;3;0;1;SP;SAO CARLOS;VILA FARIA;2019-01-02 12:12:06.370;E123;0
11799;3;0;1;SP;SAO CARLOS;VILA FARIA;2019-01-02 12:12:14.510;E123;0
11799;3;0;1;SP;SAO CARLOS;VILA FARIA;2019-01-02 12:12:22.627;E123;0
11799;3;0;1;SP;SAO CARLOS;VILA FARIA;2019-01-02 12:12:34.850;E123;0
11799;3;0;1;SP;SAO CARLOS;VILA FARIA;2019-01-02 12:12:47.010;E123;0
11799;3;0;1;SP;SAO CARLOS;VILA FARIA;2019-01-02 12:13:10.437;E123;0
11799;3;0;1;SP;SAO CARLOS;VILA FARIA;2019-01-02 12:13:18.553;E123;0
11799;3;0;1;SP;SAO CARLOS;VILA FARIA;2019-01-02 12:13:26.703;E123;0
11799;3;0;1;SP;SAO CARLOS;VILA FARIA;2019-01-02 12:13:42.927;E123;0
11799;3;0;1;SP;SAO CARLOS;VILA FARIA;2019-01-02 12:13:51.060;E123;0
11799;3;0;1;SP;SAO CARLOS;VILA FARIA;2019-01-02 12:14:06.270;E123;0
11799;3;0;1;SP;SAO CARLOS;VILA FARIA;2019-01-02 12:14:14.393;E123;0
11799;3;0;1;SP;SAO CARLOS;VILA FARIA;2019-01-02 12:14:22.523;E123;0
11799;3;0;1;SP;SAO CARLOS;VILA FARIA;2019-01-02 12:14:30.633;E123;0
11799;3;0;1;SP;SAO CARLOS;VILA FARIA;2019-01-02 12:14:42.820;E123;0
11876;4;0;1;SP;SAO CARLOS;JARDIM MACARENGO;2019-01-02 12:15:47.820;E810;0
11799;3;0;1;SP;SAO CARLOS;VILA FARIA;2019-01-02 12:17:03.907;E123;0
11799;3;0;1;SP;SAO CARLOS;VILA FARIA;2019-01-02 12:17:15.077;E123;0
11799;3;0;1;SP;SAO CARLOS;VILA FARIA;2019-01-02 12:17:23.173;E123;0
11799;3;0;1;SP;SAO CARLOS;VILA FARIA;2019-01-02 12:17:31.303;E123;0
11799;3;0;1;SP;SAO CARLOS;VILA FARIA;2019-01-02 12:17:43.490;E123;0
11799;3;0;1;SP;SAO CARLOS;VILA FARIA;2019-01-02 12:17:51.617;E123;0
11799;3;0;1;SP;SAO CARLOS;VILA FARIA;2019-01-02 12:17:59.730;E123;0
11799;3;0;1;SP;SAO CARLOS;VILA FARIA;2019-01-02 12:18:07.877;E123;0
11799;3;0;1;SP;SAO CARLOS;VILA FARIA;2019-01-02 12:18:19.013;E123;0
11799;3;0;1;SP;SAO CARLOS;VILA FARIA;2019-01-02 12:18:27.183;E123;0
11799;3;0;1;SP;SAO CARLOS;VILA FARIA;2019-01-02 12:18:35.300;E123;0
11799;3;0;1;SP;SAO CARLOS;VILA FARIA;2019-01-02 12:18:47.480;E123;0
11715;3;0;0;SP;SAO CARLOS;CENTRO;2019-01-02 12:21:02.497;E131;0
11839;4;0;1;SP;SAO CARLOS;PARQUE SANTA MONICA;2019-01-02 12:21:53.240;E133;0
11715;3;0;0;SP;SAO CARLOS;CENTRO;2019-01-02 12:35:45.740;E131;0
11715;3;0;0;SP;SAO CARLOS;CENTRO;2019-01-02 12:43:01.463;E131;0
11867;4;0;1;SP;SAO CARLOS;JARDIM ALVORADA;2019-01-02 13:14:14.670;E301;0
11741;3;0;1;SP;IBATE;CENTRO;2019-01-02 13:30:55.463;E122;0
11867;4;0;1;SP;SAO CARLOS;JARDIM ALVORADA;2019-01-02 13:57:45.963;E301;0
11876;4;0;1;SP;SAO CARLOS;JARDIM MACARENGO;2019-01-02 14:08:32.943;E810;0
11455;3;0;1;SP;SAO CARLOS;JARDIM NOVA SANTA PAULA;2019-01-02 14:12:10.130;E132;0
11416;4;0;1;SP;SAO CARLOS;VILA MONTEIRO;2019-01-02 14:17:28.963;E130;0
11461;4;0;0;SP;SAO CARLOS;VILA PRADO;2019-01-02 14:18:32.913;E120;0
11767;4;0;0;SP;IBATE;DISTRITO INDUSTRIAL;2019-01-02 14:26:13.480;E131;0
11676;4;0;0;SP;SAO CARLOS;VILA PRADO;2019-01-02 15:43:47.773;E135;0
11676;4;0;0;SP;SAO CARLOS;VILA PRADO;2019-01-02 15:43:53.857;E135;0
11676;4;0;0;SP;SAO CARLOS;VILA PRADO;2019-01-02 15:43:58.947;E135;0
11676;4;0;0;SP;SAO CARLOS;VILA PRADO;2019-01-02 15:44:04.013;E135;0
11676;4;0;0;SP;SAO CARLOS;VILA PRADO;2019-01-02 15:44:10.110;E135;0
11676;4;0;0;SP;SAO CARLOS;VILA PRADO;2019-01-02 15:44:15.170;E135;0
11676;4;0;0;SP;SAO CARLOS;VILA PRADO;2019-01-02 15:44:21.283;E135;0
11676;4;0;0;SP;SAO CARLOS;VILA PRADO;2019-01-02 15:44:26.360;E135;0
11676;4;0;0;SP;SAO CARLOS;VILA PRADO;2019-01-02 15:44:31.433;E135;0
11676;4;0;0;SP;SAO CARLOS;VILA PRADO;2019-01-02 15:44:37.540;E135;0
11676;4;0;0;SP;SAO CARLOS;VILA PRADO;2019-01-02 15:44:43.617;E135;0
11676;4;0;0;SP;SAO CARLOS;VILA PRADO;2019-01-02 15:44:48.693;E135;0
11676;4;0;0;SP;SAO CARLOS;VILA PRADO;2019-01-02 15:44:53.750;E135;0
11676;4;0;0;SP;SAO CARLOS;VILA PRADO;2019-01-02 15:44:58.850;E135;0
11676;4;0;0;SP;SAO CARLOS;VILA PRADO;2019-01-02 15:45:04.963;E135;0
11676;4;0;0;SP;SAO CARLOS;VILA PRADO;2019-01-02 15:45:10.030;E135;0
11676;4;0;0;SP;SAO CARLOS;VILA PRADO;2019-01-02 15:45:15.117;E135;0
11676;4;0;0;SP;SAO CARLOS;VILA PRADO;2019-01-02 15:45:21.267;E135;0
11676;4;0;0;SP;SAO CARLOS;VILA PRADO;2019-01-02 15:51:52.740;E123;0
11676;4;0;0;SP;SAO CARLOS;VILA PRADO;2019-01-02 15:52:13.103;E123;0
11676;4;0;0;SP;SAO CARLOS;VILA PRADO;2019-01-02 15:52:21.220;E123;0
11803;4;0;0;SP;SAO CARLOS;PARQUE FABER CASTELL I;2019-01-02 16:07:32.797;E130;0
11676;4;0;0;SP;SAO CARLOS;VILA PRADO;2019-01-02 16:32:05.707;E122;0
11676;4;0;0;SP;SAO CARLOS;VILA PRADO;2019-01-02 16:32:31.110;E122;0
11676;4;0;0;SP;SAO CARLOS;VILA PRADO;2019-01-02 16:32:49.390;E122;0
11406;3;0;0;SP;SAO CARLOS;JARDIM PARAISO;2019-01-02 17:09:13.233;E130;0
11406;3;0;0;SP;SAO CARLOS;JARDIM PARAISO;2019-01-02 17:09:19.910;E130;0
11406;3;0;0;SP;SAO CARLOS;JARDIM PARAISO;2019-01-02 17:09:27.220;E130;0
11406;3;0;0;SP;SAO CARLOS;JARDIM PARAISO;2019-01-02 17:09:34.667;E130;0
11406;3;0;0;SP;SAO CARLOS;JARDIM PARAISO;2019-01-02 17:09:41.257;E130;0
11875;4;0;1;SP;SAO CARLOS;JARDIM ACAPULCO;2019-01-02 17:25:00.167;E131;0
11891;4;1;1;SP;SAO CARLOS;CENTRO;2019-01-02 17:25:59.120;E625;0
11891;4;1;1;SP;SAO CARLOS;CENTRO;2019-01-02 17:26:00.127;E301;0
11891;4;1;1;SP;SAO CARLOS;CENTRO;2019-01-02 17:27:08.140;E625;0
11891;4;1;1;SP;SAO CARLOS;CENTRO;2019-01-02 17:27:09.160;E122;0
11891;4;1;1;SP;SAO CARLOS;CENTRO;2019-01-02 17:27:19.293;E122;0
11891;4;1;1;SP;SAO CARLOS;CENTRO;2019-01-02 17:27:21.350;E122;0
11891;4;1;1;SP;SAO CARLOS;CENTRO;2019-01-02 17:27:25.400;E122;0
11891;4;1;1;SP;SAO CARLOS;CENTRO;2019-01-02 17:30:00.747;E122;0
11338;3;0;1;SP;SAO CARLOS;JARDIM NOVA SAO CARLOS;2019-01-02 17:33:16.850;E134;0
11338;3;0;1;SP;SAO CARLOS;JARDIM NOVA SAO CARLOS;2019-01-02 17:33:29.050;E134;0
8984;4;1;2;SP;SAO CARLOS;RESID MONS ROMEU TORTORELLI;2019-01-02 17:43:31.197;E130;1
8984;4;1;2;SP;SAO CARLOS;RESID MONS ROMEU TORTORELLI;2019-01-02 17:43:38.567;E130;1
11319;5;0;0;SP;SAO CARLOS;CHÁCARA DAS FLORES;2019-01-02 17:53:09.667;E130;0
11876;4;0;1;SP;SAO CARLOS;JARDIM MACARENGO;2019-01-02 17:55:44.317;E810;0
11248;5;0;1;SP;SAO CARLOS;NUCLEO RESID SILVIO VILARI;2019-01-02 17:57:09.993;E134;0
11863;3;0;1;SP;SAO CARLOS;VILA FARIA;2019-01-02 18:07:10.960;E301;0
11319;5;0;0;SP;SAO CARLOS;CHÁCARA DAS FLORES;2019-01-02 18:32:41.607;E130;0
11752;3;0;0;SP;SAO CARLOS;CEAT;2019-01-02 18:34:49.847;E130;0
11752;3;0;0;SP;SAO CARLOS;CEAT;2019-01-02 18:34:50.860;E130;0
11752;3;0;0;SP;SAO CARLOS;CEAT;2019-01-02 18:34:54.810;E130;0
11752;3;0;0;SP;SAO CARLOS;CEAT;2019-01-02 18:34:56.760;E130;0
11752;3;0;0;SP;SAO CARLOS;CEAT;2019-01-02 18:34:58.740;E130;0
11759;3;0;0;SP;SAO CARLOS;VILA PRADO;2019-01-02 18:35:11.040;E301;0
11619;5;1;1;SP;SAO CARLOS;RECREIO DOS BANDEIRANTES;2019-01-02 18:35:23.223;1902;0
11620;3;0;1;SP;SAO CARLOS;CENTRO;2019-01-02 18:35:42.503;E146;0
11620;3;0;1;SP;SAO CARLOS;CENTRO;2019-01-02 18:35:47.570;E146;0
11758;4;0;0;SP;SAO CARLOS;VILA PRADO;2019-01-02 18:36:02.800;E301;0
11759;3;0;0;SP;SAO CARLOS;VILA PRADO;2019-01-02 18:36:07.860;E301;0
11758;4;0;0;SP;SAO CARLOS;VILA PRADO;2019-01-02 18:36:45.390;E301;0
8984;4;1;2;SP;SAO CARLOS;RESID MONS ROMEU TORTORELLI;2019-01-02 18:38:49.807;E130;1
8984;4;1;2;SP;SAO CARLOS;RESID MONS ROMEU TORTORELLI;2019-01-02 18:38:56.507;E130;1
8984;4;1;2;SP;SAO CARLOS;RESID MONS ROMEU TORTORELLI;2019-01-02 18:39:03.993;E130;1
8984;4;1;2;SP;SAO CARLOS;RESID MONS ROMEU TORTORELLI;2019-01-02 18:39:11.470;E130;1
8984;4;1;2;SP;SAO CARLOS;RESID MONS ROMEU TORTORELLI;2019-01-02 18:39:18.113;E130;1
7132;4;0;1;SP;SAO CARLOS;PLANALTO PARAÍSO;2019-01-02 18:46:40.587;E130;1
8984;4;1;2;SP;SAO CARLOS;RESID MONS ROMEU TORTORELLI;2019-01-02 19:06:49.457;E130;1
8102;4;0;0;SP;IBATE;JARDIM ESTER;2019-01-02 19:19:32.720;E131;1
8102;4;0;0;SP;IBATE;JARDIM ESTER;2019-01-02 19:19:40.850;E131;1
11724;3;0;0;SP;SAO CARLOS;VILA PRADO;2019-01-02 20:03:38.203;E130;0
11608;4;0;1;SP;SAO CARLOS;VILA COSTA DO SOL;2019-01-02 20:14:54.307;E134;0
11865;4;1;0;SP;RIBEIRAO PRETO;PARQUE INDUSTRIAL LAGOINHA;2019-01-02 20:34:18.673;E130;0
11865;4;1;0;SP;RIBEIRAO PRETO;PARQUE INDUSTRIAL LAGOINHA;2019-01-02 20:35:01.753;E130;0
11876;4;0;1;SP;SAO CARLOS;JARDIM MACARENGO;2019-01-02 20:48:21.503;E810;0
5651;4;0;0;SP;SAO CARLOS;SANTA FELÍCIA;2019-01-02 20:51:55.867;E131;1
11703;4;0;0;SP;SAO CARLOS;JARDIM DE CRESCI;2019-01-02 21:17:02.020;E301;0
11703;4;0;0;SP;SAO CARLOS;JARDIM DE CRESCI;2019-01-02 21:19:56.740;E301;0
11703;4;0;0;SP;SAO CARLOS;JARDIM DE CRESCI;2019-01-02 21:19:57.747;E301;0
11182;2;0;0;SP;SAO CARLOS;JARDIM SANTA MARIA II;2019-01-02 21:21:39.567;E131;0
11703;4;0;0;SP;SAO CARLOS;JARDIM DE CRESCI;2019-01-02 21:44:25.493;E301;0
10049;5;0;0;SP;SAO CARLOS;JARDIM IPANEMA;2019-01-02 22:18:33.317;E131;1
10049;5;0;0;SP;SAO CARLOS;JARDIM IPANEMA;2019-01-02 22:18:47.097;E131;1
11856;4;0;1;SP;SAO CARLOS;JARDIM SANTA ELISA;2019-01-02 22:22:12.207;E134;0
11401;5;0;1;SP;IBATE;RURAL;2019-01-02 22:25:29.690;E130;0
11401;5;0;1;SP;IBATE;RURAL;2019-01-02 22:26:10.970;E130;0
11781;4;0;0;SP;SAO CARLOS;VILA LUTFALLA;2019-01-02 22:42:09.540;E130;0
11715;3;0;0;SP;SAO CARLOS;CENTRO;2019-01-02 22:46:58.093;E131;0
11401;5;0;1;SP;IBATE;RURAL;2019-01-02 22:47:40.973;E130;0
11799;3;0;1;SP;SAO CARLOS;VILA FARIA;2019-01-02 23:05:15.667;E132;0
11275;5;0;0;SP;SAO CARLOS;JARDIM SÃO CARLOS;2019-01-02 23:07:11.557;E130;0
11401;5;0;1;SP;IBATE;RURAL;2019-01-02 23:31:34.690;E130;0
11478;4;0;1;SP;SAO CARLOS;PARQUE SANTA MONICA;2019-01-02 23:40:20.913;E130;0
11310;5;1;0;SP;SAO CARLOS;PARQUE SANTA FELICIA JARDIM;2019-01-02 23:49:18.117;1902;0
11319;5;0;0;SP;SAO CARLOS;CHÁCARA DAS FLORES;2019-01-03 00:01:55.850;E130;0
11703;4;0;0;SP;SAO CARLOS;JARDIM DE CRESCI;2019-01-03 00:27:06.137;E301;0
11401;5;0;1;SP;IBATE;RURAL;2019-01-03 01:20:11.423;E130;0
11611;4;0;0;SP;SAO CARLOS;PARQUE SANTA MONICA;2019-01-03 01:59:31.873;E131;0
11611;4;0;0;SP;SAO CARLOS;PARQUE SANTA MONICA;2019-01-03 01:59:34.947;E131;0
11611;4;0;0;SP;SAO CARLOS;PARQUE SANTA MONICA;2019-01-03 01:59:37.980;E131;0
11611;4;0;0;SP;SAO CARLOS;PARQUE SANTA MONICA;2019-01-03 02:00:51.100;E131;0
11611;4;0;0;SP;SAO CARLOS;PARQUE SANTA MONICA;2019-01-03 02:00:54.137;E131;0
11640;4;1;0;SP;SAO CARLOS;JARDIM SÃO CARLOS;2019-01-03 02:11:55.503;E130;0
11794;4;0;0;SP;SAO CARLOS;PARQUE SANTA MONICA;2019-01-03 03:12:35.770;E140;0
11860;4;1;0;SP;RIBEIRAO PRETO;IPIRANGA;2019-01-03 03:43:35.767;1902;0
11742;4;1;0;SP;SAO CARLOS;RESID MONS ROMEU TORTORELLI;2019-01-03 03:43:35.767;1902;0
8984;4;1;2;SP;SAO CARLOS;RESID MONS ROMEU TORTORELLI;2019-01-03 04:02:13.217;E130;1
8984;4;1;2;SP;SAO CARLOS;RESID MONS ROMEU TORTORELLI;2019-01-03 04:02:48.547;E130;1
8984;4;1;2;SP;SAO CARLOS;RESID MONS ROMEU TORTORELLI;2019-01-03 04:20:18.587;E130;1
11838;4;0;0;SP;SAO CARLOS;VILA ALPES;2019-01-03 05:00:11.480;E123;0
11838;4;0;0;SP;SAO CARLOS;VILA ALPES;2019-01-03 05:00:19.623;E123;0
11852;3;0;0;SP;SAO CARLOS;PARQUE SANTA MONICA;2019-01-03 05:34:10.810;E130;0
8984;4;1;2;SP;SAO CARLOS;RESID MONS ROMEU TORTORELLI;2019-01-03 06:06:42.623;E130;1
8984;4;1;2;SP;SAO CARLOS;RESID MONS ROMEU TORTORELLI;2019-01-03 06:24:41.113;E130;1
11833;3;0;0;SP;SAO CARLOS;JARDIM SAO PAULO;2019-01-03 06:47:41.217;E130;0
11362;3;1;1;SP;SAO CARLOS;PARQUE SANTA MONICA;2019-01-03 06:47:41.540;E130;0
11876;4;0;1;SP;SAO CARLOS;JARDIM MACARENGO;2019-01-03 06:58:46.350;E810;0
8984;4;1;2;SP;SAO CARLOS;RESID MONS ROMEU TORTORELLI;2019-01-03 07:01:26.297;E130;1
8984;4;1;2;SP;SAO CARLOS;RESID MONS ROMEU TORTORELLI;2019-01-03 07:02:15.827;E130;1
8984;4;1;2;SP;SAO CARLOS;RESID MONS ROMEU TORTORELLI;2019-01-03 07:02:23.183;E130;1
11742;4;1;0;SP;SAO CARLOS;RESID MONS ROMEU TORTORELLI;2019-01-03 07:20:38.253;1902;0
11445;4;1;0;SP;SAO CARLOS;JARDIM GILBERTONI;2019-01-03 07:23:14.870;E130;0
11445;4;1;0;SP;SAO CARLOS;JARDIM GILBERTONI;2019-01-03 07:23:28.907;E130;0
11445;4;1;0;SP;SAO CARLOS;JARDIM GILBERTONI;2019-01-03 07:25:29.520;E130;0
11445;4;1;0;SP;SAO CARLOS;JARDIM GILBERTONI;2019-01-03 07:27:22.700;E130;0
11406;3;0;0;SP;SAO CARLOS;JARDIM PARAISO;2019-01-03 07:55:54.047;E130;0
11038;3;0;0;SP;SAO CARLOS;JARDIM NOVA SAO CARLOS;2019-01-03 08:02:36.090;E134;1
11401;5;0;1;SP;IBATE;RURAL;2019-01-03 08:08:40.670;E130;0
11891;4;1;1;SP;SAO CARLOS;CENTRO;2019-01-03 08:24:08.897;E122;0
11471;4;0;1;SP;SAO CARLOS;JARDIM PACAEMBU;2019-01-03 08:24:47.630;E120;0
4986;5;0;0;SP;SAO CARLOS;CENTRO;2019-01-03 08:38:06.763;E130;1
11229;5;0;1;SP;SAO CARLOS;JARDIM N. S. APARECIDA;2019-01-03 08:44:22.747;E130;0
11636;4;0;1;SP;SAO CARLOS;CENTRO;2019-01-03 08:44:30.997;E134;0
11229;5;0;1;SP;SAO CARLOS;JARDIM N. S. APARECIDA;2019-01-03 08:46:09.320;E130;0
11229;5;0;1;SP;SAO CARLOS;JARDIM N. S. APARECIDA;2019-01-03 08:46:23.243;E130;0
11229;5;0;1;SP;SAO CARLOS;JARDIM N. S. APARECIDA;2019-01-03 08:48:02.830;E130;0
11891;4;1;1;SP;SAO CARLOS;CENTRO;2019-01-03 09:05:10.503;E301;0
11608;4;0;1;SP;SAO CARLOS;VILA COSTA DO SOL;2019-01-03 09:06:28.703;E134;0
11608;4;0;1;SP;SAO CARLOS;VILA COSTA DO SOL;2019-01-03 09:06:54.127;E134;0
11608;4;0;1;SP;SAO CARLOS;VILA COSTA DO SOL;2019-01-03 09:08:46.013;E134;0
11323;4;0;0;SP;SAO CARLOS;VILA ALPES;2019-01-03 09:09:00.703;E130;0
11439;4;0;0;SP;SAO CARLOS;CEAT;2019-01-03 09:09:56.907;E122;0
11867;4;0;1;SP;SAO CARLOS;JARDIM ALVORADA;2019-01-03 09:18:23.847;E301;0
11406;3;0;0;SP;SAO CARLOS;JARDIM PARAISO;2019-01-03 09:25:06.003;E625;0
11406;3;0;0;SP;SAO CARLOS;JARDIM PARAISO;2019-01-03 09:27:42.180;E130;0
11694;3;0;0;SP;SAO CARLOS;CEAT;2019-01-03 09:29:08.043;E131;0
11406;3;0;0;SP;SAO CARLOS;JARDIM PARAISO;2019-01-03 09:29:10.430;E130;0
11406;3;0;0;SP;SAO CARLOS;JARDIM PARAISO;2019-01-03 09:29:14.573;E130;0
11406;3;0;0;SP;SAO CARLOS;JARDIM PARAISO;2019-01-03 09:29:31.843;E130;0
11406;3;0;0;SP;SAO CARLOS;JARDIM PARAISO;2019-01-03 09:29:36.690;E130;0
11406;3;0;0;SP;SAO CARLOS;JARDIM PARAISO;2019-01-03 09:29:47.887;E130;0
11406;3;0;0;SP;SAO CARLOS;JARDIM PARAISO;2019-01-03 09:29:55.410;E130;0
11694;3;0;0;SP;SAO CARLOS;CEAT;2019-01-03 09:34:48.067;E122;0
11799;3;0;1;SP;SAO CARLOS;VILA FARIA;2019-01-03 09:43:05.783;E132;0
11867;4;0;1;SP;SAO CARLOS;JARDIM ALVORADA;2019-01-03 10:13:29.377;E301;0
11867;4;0;1;SP;SAO CARLOS;JARDIM ALVORADA;2019-01-03 10:22:52.440;E301;0
11312;5;1;1;SP;SAO CARLOS;JARDIM PARAISO;2019-01-03 10:28:36.343;E122;0
11874;4;0;1;SP;SAO CARLOS;CENTRO;2019-01-03 11:05:11.360;E130;0
7132;4;0;1;SP;SAO CARLOS;PLANALTO PARAÍSO;2019-01-03 11:30:57.143;E130;1
11694;3;0;0;SP;SAO CARLOS;CEAT;2019-01-03 12:02:38.620;E131;0
11694;3;0;0;SP;SAO CARLOS;CEAT;2019-01-03 12:03:33.317;E131;0
11694;3;0;0;SP;SAO CARLOS;CEAT;2019-01-03 12:03:47.210;E131;0
11694;3;0;0;SP;SAO CARLOS;CEAT;2019-01-03 12:03:58.240;E131;0
11694;3;0;0;SP;SAO CARLOS;CEAT;2019-01-03 12:04:09.310;E131;0
11694;3;0;0;SP;SAO CARLOS;CEAT;2019-01-03 12:04:14.947;E131;0
11694;3;0;0;SP;SAO CARLOS;CEAT;2019-01-03 12:04:25.900;E131;0
11694;3;0;0;SP;SAO CARLOS;CEAT;2019-01-03 12:04:42.507;E131;0
11694;3;0;0;SP;SAO CARLOS;CEAT;2019-01-03 12:04:56.390;E131;0
11694;3;0;0;SP;SAO CARLOS;CEAT;2019-01-03 12:05:02.177;E131;0
11645;3;1;0;SP;SAO CARLOS;CENTRO;2019-01-03 12:33:55.913;E122;0
6372;4;0;0;SP;SAO CARLOS;SANTA FELÍCIA;2019-01-03 12:33:58.960;E122;1
6372;4;0;0;SP;SAO CARLOS;SANTA FELÍCIA;2019-01-03 12:34:07.090;E122;1
6372;4;0;0;SP;SAO CARLOS;SANTA FELÍCIA;2019-01-03 12:34:15.240;E122;1
7006;4;1;0;SP;SAO CARLOS;SANTA MÔNICA;2019-01-03 12:36:41.537;E131;1
7006;4;1;0;SP;SAO CARLOS;SANTA MÔNICA;2019-01-03 12:37:12.010;E131;1
7006;4;1;0;SP;SAO CARLOS;SANTA MÔNICA;2019-01-03 12:39:30.360;E131;1
7006;4;1;0;SP;SAO CARLOS;SANTA MÔNICA;2019-01-03 12:40:19.180;E131;1
11619;5;1;1;SP;SAO CARLOS;RECREIO DOS BANDEIRANTES;2019-01-03 12:47:02.970;E122;0
7006;4;1;0;SP;SAO CARLOS;SANTA MÔNICA;2019-01-03 13:07:14.423;E131;1
10146;5;0;0;SP;SAO CARLOS;JARDIM CRUZEIRO DO SUL;2019-01-03 13:24:53.300;E134;1
11235;5;0;0;SP;SAO CARLOS;VILA PRADO;2019-01-03 13:25:09.573;E134;0
11235;5;0;0;SP;SAO CARLOS;VILA PRADO;2019-01-03 13:25:16.663;E134;0
11235;5;0;0;SP;SAO CARLOS;VILA PRADO;2019-01-03 13:25:24.800;E134;0
10146;5;0;0;SP;SAO CARLOS;JARDIM CRUZEIRO DO SUL;2019-01-03 13:25:28.880;E134;1
10146;5;0;0;SP;SAO CARLOS;JARDIM CRUZEIRO DO SUL;2019-01-03 13:27:24.813;E134;1
10146;5;0;0;SP;SAO CARLOS;JARDIM CRUZEIRO DO SUL;2019-01-03 13:27:32.910;E134;1
10146;5;0;0;SP;SAO CARLOS;JARDIM CRUZEIRO DO SUL;2019-01-03 13:27:41.023;E134;1
10146;5;0;0;SP;SAO CARLOS;JARDIM CRUZEIRO DO SUL;2019-01-03 13:27:49.167;E134;1
11798;4;0;1;SP;SAO CARLOS;CENTRO;2019-01-03 13:29:49.157;E122;0
11788;3;1;0;SP;SAO CARLOS;VILA BRASILIA;2019-01-03 13:30:29.847;E131;0
11788;3;1;0;SP;SAO CARLOS;VILA BRASILIA;2019-01-03 13:30:36.933;E131;0
11788;3;1;0;SP;SAO CARLOS;VILA BRASILIA;2019-01-03 13:30:45.063;E131;0
11788;3;1;0;SP;SAO CARLOS;VILA BRASILIA;2019-01-03 13:30:53.200;E131;0
11788;3;1;0;SP;SAO CARLOS;VILA BRASILIA;2019-01-03 13:31:01.320;E131;0
11507;3;0;1;SP;SAO CARLOS;VILA PRADO;2019-01-03 13:31:25.790;E122;0
11733;3;0;1;SP;SAO CARLOS;ZONA RURAL;2019-01-03 13:40:40.020;E122;0
11733;3;0;1;SP;SAO CARLOS;ZONA RURAL;2019-01-03 13:40:53.897;E122;0
11733;3;0;1;SP;SAO CARLOS;ZONA RURAL;2019-01-03 13:41:10.467;E122;0
11840;4;0;1;SP;SAO CARLOS;VILA DERIGGI;2019-01-03 13:42:32.903;E131;0
11733;3;0;1;SP;SAO CARLOS;ZONA RURAL;2019-01-03 13:44:02.637;E122;0
11343;5;0;1;SP;SAO CARLOS;VILA PRADO;2019-01-03 13:46:20.430;E122;0
11676;4;0;0;SP;SAO CARLOS;VILA PRADO;2019-01-03 13:59:49.777;E301;0
11834;3;0;1;SP;SAO CARLOS;JARDIM DONA FRANCISCA;2019-01-03 14:20:32.320;E134;0
11834;3;0;1;SP;SAO CARLOS;JARDIM DONA FRANCISCA;2019-01-03 14:20:38.433;E134;0
11582;4;0;1;SP;SAO CARLOS;JARDIM SAO JOAO BATISTA;2019-01-03 14:35:59.413;E122;0
11659;4;0;0;SP;SAO CARLOS;CENTRO;2019-01-03 14:40:04.620;E122;0
11733;3;0;1;SP;SAO CARLOS;ZONA RURAL;2019-01-03 14:41:19.203;E131;0
11733;3;0;1;SP;SAO CARLOS;ZONA RURAL;2019-01-03 14:41:33.063;E131;0
11733;3;0;1;SP;SAO CARLOS;ZONA RURAL;2019-01-03 14:41:44.100;E131;0
11733;3;0;1;SP;SAO CARLOS;ZONA RURAL;2019-01-03 14:41:58.043;E131;0
11733;3;0;1;SP;SAO CARLOS;ZONA RURAL;2019-01-03 14:42:03.567;E131;0
11733;3;0;1;SP;SAO CARLOS;ZONA RURAL;2019-01-03 14:42:14.583;E131;0
11711;4;0;0;SP;SAO CARLOS;VILA PRADO;2019-01-03 14:43:26.137;E130;0
11711;4;0;0;SP;SAO CARLOS;VILA PRADO;2019-01-03 14:43:29.180;E130;0
11711;4;0;0;SP;SAO CARLOS;VILA PRADO;2019-01-03 14:44:10.877;E130;0
11711;4;0;0;SP;SAO CARLOS;VILA PRADO;2019-01-03 14:44:13.923;E130;0
11711;4;0;0;SP;SAO CARLOS;VILA PRADO;2019-01-03 14:44:58.593;E130;0
11711;4;0;0;SP;SAO CARLOS;VILA PRADO;2019-01-03 14:45:07.740;E130;0
11711;4;0;0;SP;SAO CARLOS;VILA PRADO;2019-01-03 14:45:13.850;E120;0
11633;4;0;0;SP;IBATE;ZONA RURAL;2019-01-03 14:50:01.283;E301;0
11895;3;0;1;SP;SAO CARLOS;ZONA RURAL;2019-01-03 14:58:16.830;E131;0
11680;3;0;1;SP;SAO CARLOS;JARDIM BANDEIRANTES;2019-01-03 14:59:37.647;E134;0
11634;4;0;0;SP;SAO CARLOS;LOT SOCIAL ANTENOR GARCIA;2019-01-03 15:14:51.207;E301;0
11441;4;0;1;SP;SAO CARLOS;VILA COSTA DO SOL;2019-01-03 15:29:58.550;E122;0
11893;4;0;1;SP;SAO CARLOS;VILA MONTEIRO  GLEBA I;2019-01-03 15:42:24.833;E130;0
11893;4;0;1;SP;SAO CARLOS;VILA MONTEIRO  GLEBA I;2019-01-03 15:43:46.870;E130;0
11665;3;1;0;SP;RIBEIRAO BONITO;ZONA RURAL;2019-01-03 15:44:50.820;E301;0
11665;3;1;0;SP;RIBEIRAO BONITO;ZONA RURAL;2019-01-03 15:44:51.843;E301;0
11694;3;0;0;SP;SAO CARLOS;CEAT;2019-01-03 15:48:13.633;E122;0
11891;4;1;1;SP;SAO CARLOS;CENTRO;2019-01-03 15:50:21.830;E130;0
11891;4;1;1;SP;SAO CARLOS;CENTRO;2019-01-03 15:50:27.920;E130;0
11891;4;1;1;SP;SAO CARLOS;CENTRO;2019-01-03 15:50:34.017;E130;0
11694;3;0;0;SP;SAO CARLOS;CEAT;2019-01-03 15:50:39.897;E122;0
11891;4;1;1;SP;SAO CARLOS;CENTRO;2019-01-03 15:50:40.100;E130;0
11694;3;0;0;SP;SAO CARLOS;CEAT;2019-01-03 15:50:50.870;E122;0
11891;4;1;1;SP;SAO CARLOS;CENTRO;2019-01-03 15:51:00.407;E130;0
11694;3;0;0;SP;SAO CARLOS;CEAT;2019-01-03 15:51:01.983;E122;0
11694;3;0;0;SP;SAO CARLOS;CEAT;2019-01-03 15:51:12.930;E122;0
11891;4;1;1;SP;SAO CARLOS;CENTRO;2019-01-03 15:51:18.740;E130;0
11891;4;1;1;SP;SAO CARLOS;CENTRO;2019-01-03 15:51:55.277;E130;0
11891;4;1;1;SP;SAO CARLOS;CENTRO;2019-01-03 15:51:58.317;E130;0
11891;4;1;1;SP;SAO CARLOS;CENTRO;2019-01-03 15:52:06.460;E130;0
11891;4;1;1;SP;SAO CARLOS;CENTRO;2019-01-03 15:52:10.520;E130;0
11891;4;1;1;SP;SAO CARLOS;CENTRO;2019-01-03 15:52:13.590;E130;0
11891;4;1;1;SP;SAO CARLOS;CENTRO;2019-01-03 15:52:17.667;E130;0
11891;4;1;1;SP;SAO CARLOS;CENTRO;2019-01-03 15:52:25.763;E130;0
11891;4;1;1;SP;SAO CARLOS;CENTRO;2019-01-03 15:52:28.813;E130;0
11891;4;1;1;SP;SAO CARLOS;CENTRO;2019-01-03 15:52:32.860;E130;0
11891;4;1;1;SP;SAO CARLOS;CENTRO;2019-01-03 15:53:11.473;E122;0
11891;4;1;1;SP;SAO CARLOS;CENTRO;2019-01-03 15:53:12.483;E122;0
11276;3;0;1;SP;SAO CARLOS;CIDADE ARACY II;2019-01-03 15:59:10.063;E301;0
11285;4;0;1;SP;SAO CARLOS;JARDIM SÃO CARLOS;2019-01-03 16:01:16.223;E301;0
11439;4;0;0;SP;SAO CARLOS;CEAT;2019-01-03 16:01:21.070;E122;0
11439;4;0;0;SP;SAO CARLOS;CEAT;2019-01-03 16:01:58.413;E122;0
11439;4;0;0;SP;SAO CARLOS;CEAT;2019-01-03 16:02:09.473;E122;0
11439;4;0;0;SP;SAO CARLOS;CEAT;2019-01-03 16:02:20.517;E122;0
11439;4;0;0;SP;SAO CARLOS;CEAT;2019-01-03 16:03:24.873;E122;0
11896;4;0;1;SP;SAO CARLOS;VILA MONTEIRO  GLEBA I;2019-01-03 16:05:02.717;E130;0
11694;3;0;0;SP;SAO CARLOS;CEAT;2019-01-03 16:09:34.347;E122;0
11245;5;0;1;SP;SAO CARLOS;JARDIM SÃO CARLOS;2019-01-03 16:18:40.387;E301;0
11891;4;1;1;SP;SAO CARLOS;CENTRO;2019-01-03 16:25:02.127;E130;0
11891;4;1;1;SP;SAO CARLOS;CENTRO;2019-01-03 16:31:15.093;E122;0
11891;4;1;1;SP;SAO CARLOS;CENTRO;2019-01-03 16:31:19.157;E122;0
11892;4;0;1;SP;SAO CARLOS;VILA MARCELINO;2019-01-03 16:40:22.480;E134;0
11892;4;0;1;SP;SAO CARLOS;VILA MARCELINO;2019-01-03 16:40:29.583;E134;0
11892;4;0;1;SP;SAO CARLOS;VILA MARCELINO;2019-01-03 16:40:48.887;E134;0
11892;4;0;1;SP;SAO CARLOS;VILA MARCELINO;2019-01-03 16:40:52.960;E131;0
11892;4;0;1;SP;SAO CARLOS;VILA MARCELINO;2019-01-03 16:40:59.073;E134;0
11892;4;0;1;SP;SAO CARLOS;VILA MARCELINO;2019-01-03 16:41:11.277;E122;0
11892;4;0;1;SP;SAO CARLOS;VILA MARCELINO;2019-01-03 16:41:15.343;E122;0
11892;4;0;1;SP;SAO CARLOS;VILA MARCELINO;2019-01-03 16:41:31.647;E122;0
11892;4;0;1;SP;SAO CARLOS;VILA MARCELINO;2019-01-03 16:42:25.453;E122;0
11875;4;0;1;SP;SAO CARLOS;JARDIM ACAPULCO;2019-01-03 16:56:48.110;E131;0
11472;3;0;1;SP;SAO CARLOS;PLANALTO PARAISO;2019-01-03 17:16:27.867;E301;0
11619;5;1;1;SP;SAO CARLOS;RECREIO DOS BANDEIRANTES;2019-01-03 17:42:52.640;1902;0
11619;5;1;1;SP;SAO CARLOS;RECREIO DOS BANDEIRANTES;2019-01-03 17:44:38.250;E301;0
11878;5;1;0;SP;RIBEIRAO PRETO;Parque Res Candido Portinari;2019-01-03 18:08:46.653;E130;0
11878;5;1;0;SP;RIBEIRAO PRETO;Parque Res Candido Portinari;2019-01-03 18:09:30.607;E130;0
5543;5;0;0;SP;SAO CARLOS;JARDIM BANDEIRANTES;2019-01-03 18:27:22.307;E146;1
9943;5;0;1;SP;SAO CARLOS;JOCKEY CLUBE;2019-01-03 18:30:57.107;E130;1
11684;3;0;1;SP;SAO CARLOS;JARDIM ARAUCARIA;2019-01-03 18:35:07.927;E301;0
11480;4;0;1;SP;SAO CARLOS;JARDIM PACAEMBU;2019-01-03 18:38:19.533;E130;0
11471;4;0;1;SP;SAO CARLOS;JARDIM PACAEMBU;2019-01-03 18:39:37.693;E130;0
11471;4;0;1;SP;SAO CARLOS;JARDIM PACAEMBU;2019-01-03 18:39:38.130;E130;0
11471;4;0;1;SP;SAO CARLOS;JARDIM PACAEMBU;2019-01-03 18:39:47.677;E130;0
11471;4;0;1;SP;SAO CARLOS;JARDIM PACAEMBU;2019-01-03 18:39:48.713;E130;0
11472;3;0;1;SP;SAO CARLOS;PLANALTO PARAISO;2019-01-03 18:52:08.657;E301;0
11684;3;0;1;SP;SAO CARLOS;JARDIM ARAUCARIA;2019-01-03 19:02:52.900;E301;0
11409;4;0;0;SP;SAO CARLOS;VILA PRADO;2019-01-03 19:06:15.090;E146;0
11838;4;0;0;SP;SAO CARLOS;VILA ALPES;2019-01-03 19:17:45.553;E123;0
11838;4;0;0;SP;SAO CARLOS;VILA ALPES;2019-01-03 19:17:54.680;E123;0
11799;3;0;1;SP;SAO CARLOS;VILA FARIA;2019-01-03 19:30:52.210;E132;0
8984;4;1;2;SP;SAO CARLOS;RESID MONS ROMEU TORTORELLI;2019-01-03 19:43:52.017;E130;1
8984;4;1;2;SP;SAO CARLOS;RESID MONS ROMEU TORTORELLI;2019-01-03 19:43:59.363;E130;1
8984;4;1;2;SP;SAO CARLOS;RESID MONS ROMEU TORTORELLI;2019-01-03 19:44:06.973;E130;1
